TARGET,PERIOD,YEAR,PERIODWIDTH,MINIMUM,MAXIMUM,MINWEIGHT,MAXWEIGHT,CURRENT,SUMMARY
feature.Seral.mature,0,0,10.0,0.0,10000.0,1.0,1.0,194.47799682617188,0.0
feature.Seral.mature,1,10,10.0,0.0,10000.0,1.0,1.0,99.11399841308594,0.0
feature.Seral.mature,2,20,10.0,0.0,10000.0,1.0,1.0,42.30099868774414,0.0
feature.Seral.mature,3,30,10.0,0.0,10000.0,1.0,1.0,32.25299835205078,0.0
feature.Seral.mature,4,40,10.0,0.0,10000.0,1.0,1.0,27.61400032043457,0.0
feature.Seral.mature,5,50,10.0,0.0,10000.0,1.0,1.0,65.2239990234375,0.0
feature.Seral.mature,6,60,10.0,0.0,10000.0,1.0,1.0,186.9010009765625,0.0
feature.Seral.mature,7,70,10.0,0.0,10000.0,1.0,1.0,199.10299682617188,0.0
feature.Seral.mature,8,80,10.0,0.0,10000.0,1.0,1.0,253.0070037841797,0.0
feature.Seral.mature,9,90,10.0,0.0,10000.0,1.0,1.0,224.5290069580078,0.0
feature.Seral.mature,10,100,10.0,0.0,10000.0,1.0,1.0,188.4320068359375,0.0
feature.Seral.mature,11,110,10.0,0.0,10000.0,1.0,1.0,70.11699676513672,0.0
feature.Seral.mature,12,120,10.0,0.0,10000.0,1.0,1.0,74.58499908447266,0.0
feature.Seral.mature,13,130,10.0,0.0,10000.0,1.0,1.0,77.6449966430664,0.0
feature.Seral.mature,14,140,10.0,0.0,10000.0,1.0,1.0,72.93199920654297,0.0
feature.Seral.mature,15,150,10.0,0.0,10000.0,1.0,1.0,50.71900177001953,0.0
feature.Seral.mature,16,160,10.0,0.0,10000.0,1.0,1.0,19.606000900268555,0.0
feature.Seral.mature,17,170,10.0,0.0,10000.0,1.0,1.0,19.288000106811523,0.0
feature.Seral.mature,18,180,10.0,0.0,10000.0,1.0,1.0,42.367000579833984,0.0
feature.Seral.mature,19,190,10.0,0.0,10000.0,1.0,1.0,38.14400100708008,0.0
feature.Seral.mature,20,200,10.0,0.0,10000.0,1.0,1.0,57.441001892089844,0.0
feature.Seral.mature,21,210,10.0,0.0,10000.0,1.0,1.0,66.79900360107422,0.0
feature.Seral.mature,22,220,10.0,0.0,10000.0,1.0,1.0,55.04399871826172,0.0
feature.Seral.mature,23,230,10.0,0.0,10000.0,1.0,1.0,112.63500213623047,0.0
feature.Seral.mature,24,240,10.0,0.0,10000.0,1.0,1.0,103.00199890136719,0.0
feature.Seral.mature,25,250,10.0,0.0,10000.0,1.0,1.0,182.57899475097656,0.0
feature.Seral.mature,26,260,10.0,0.0,10000.0,1.0,1.0,122.81600189208984,0.0
feature.Seral.mature,27,270,10.0,0.0,10000.0,1.0,1.0,124.94300079345703,0.0
feature.Seral.mature,28,280,10.0,0.0,10000.0,1.0,1.0,44.62200164794922,0.0
feature.Seral.mature,29,290,10.0,0.0,10000.0,1.0,1.0,11.333999633789062,0.0
feature.Seral.mature,30,300,10.0,0.0,10000.0,1.0,1.0,4.519999980926514,0.0
