TARGET,PERIOD,YEAR,PERIODWIDTH,MINIMUM,MAXIMUM,MINWEIGHT,MAXWEIGHT,CURRENT,SUMMARY
feature.Seral.immature,0,0,10.0,0.0,10000.0,1.0,1.0,1158.89501953125,0.0
feature.Seral.immature,1,10,10.0,0.0,10000.0,1.0,1.0,1137.5439453125,0.0
feature.Seral.immature,2,20,10.0,0.0,10000.0,1.0,1.0,1090.551025390625,0.0
feature.Seral.immature,3,30,10.0,0.0,10000.0,1.0,1.0,1054.677001953125,0.0
feature.Seral.immature,4,40,10.0,0.0,10000.0,1.0,1.0,856.7169799804688,0.0
feature.Seral.immature,5,50,10.0,0.0,10000.0,1.0,1.0,570.9099731445312,0.0
feature.Seral.immature,6,60,10.0,0.0,10000.0,1.0,1.0,541.155029296875,0.0
feature.Seral.immature,7,70,10.0,0.0,10000.0,1.0,1.0,579.2769775390625,0.0
feature.Seral.immature,8,80,10.0,0.0,10000.0,1.0,1.0,624.2949829101562,0.0
feature.Seral.immature,9,90,10.0,0.0,10000.0,1.0,1.0,701.1270141601562,0.0
feature.Seral.immature,10,100,10.0,0.0,10000.0,1.0,1.0,777.1640014648438,0.0
feature.Seral.immature,11,110,10.0,0.0,10000.0,1.0,1.0,742.6909790039062,0.0
feature.Seral.immature,12,120,10.0,0.0,10000.0,1.0,1.0,760.614013671875,0.0
feature.Seral.immature,13,130,10.0,0.0,10000.0,1.0,1.0,750.7410278320312,0.0
feature.Seral.immature,14,140,10.0,0.0,10000.0,1.0,1.0,766.1829833984375,0.0
feature.Seral.immature,15,150,10.0,0.0,10000.0,1.0,1.0,773.2990112304688,0.0
feature.Seral.immature,16,160,10.0,0.0,10000.0,1.0,1.0,775.7249755859375,0.0
feature.Seral.immature,17,170,10.0,0.0,10000.0,1.0,1.0,794.4929809570312,0.0
feature.Seral.immature,18,180,10.0,0.0,10000.0,1.0,1.0,772.8569946289062,0.0
feature.Seral.immature,19,190,10.0,0.0,10000.0,1.0,1.0,745.4030151367188,0.0
feature.Seral.immature,20,200,10.0,0.0,10000.0,1.0,1.0,824.6279907226562,0.0
feature.Seral.immature,21,210,10.0,0.0,10000.0,1.0,1.0,733.5360107421875,0.0
feature.Seral.immature,22,220,10.0,0.0,10000.0,1.0,1.0,735.7650146484375,0.0
feature.Seral.immature,23,230,10.0,0.0,10000.0,1.0,1.0,711.3389892578125,0.0
feature.Seral.immature,24,240,10.0,0.0,10000.0,1.0,1.0,729.0369873046875,0.0
feature.Seral.immature,25,250,10.0,0.0,10000.0,1.0,1.0,716.8170166015625,0.0
feature.Seral.immature,26,260,10.0,0.0,10000.0,1.0,1.0,782.844970703125,0.0
feature.Seral.immature,27,270,10.0,0.0,10000.0,1.0,1.0,701.552978515625,0.0
feature.Seral.immature,28,280,10.0,0.0,10000.0,1.0,1.0,677.25,0.0
feature.Seral.immature,29,290,10.0,0.0,10000.0,1.0,1.0,680.5709838867188,0.0
feature.Seral.immature,30,300,10.0,0.0,10000.0,1.0,1.0,674.0709838867188,0.0
