TARGET,PERIOD,YEAR,PERIODWIDTH,MINIMUM,MAXIMUM,MINWEIGHT,MAXWEIGHT,CURRENT,SUMMARY
patch.harvested.10_20.size,0,0,10.0,0.0,100.0,1.0,1.0,0.0,0.0
patch.harvested.10_20.size,1,10,10.0,0.0,100.0,1.0,1.0,9.761613845825195,0.0
patch.harvested.10_20.size,2,20,10.0,0.0,100.0,1.0,1.0,28.380142211914062,0.0
patch.harvested.10_20.size,3,30,10.0,0.0,100.0,1.0,1.0,29.569576263427734,0.0
patch.harvested.10_20.size,4,40,10.0,0.0,100.0,1.0,1.0,23.755189895629883,0.0
patch.harvested.10_20.size,5,50,10.0,0.0,100.0,1.0,1.0,0.0,0.0
patch.harvested.10_20.size,6,60,10.0,0.0,100.0,1.0,1.0,0.0,0.0
patch.harvested.10_20.size,7,70,10.0,0.0,100.0,1.0,1.0,14.202603340148926,0.0
patch.harvested.10_20.size,8,80,10.0,0.0,100.0,1.0,1.0,13.375980377197266,0.0
patch.harvested.10_20.size,9,90,10.0,0.0,100.0,1.0,1.0,17.90790367126465,0.0
patch.harvested.10_20.size,10,100,10.0,0.0,100.0,1.0,1.0,27.86114501953125,0.0
patch.harvested.10_20.size,11,110,10.0,0.0,100.0,1.0,1.0,13.918346405029297,0.0
patch.harvested.10_20.size,12,120,10.0,0.0,100.0,1.0,1.0,14.290072441101074,0.0
patch.harvested.10_20.size,13,130,10.0,0.0,100.0,1.0,1.0,38.04519271850586,0.0
patch.harvested.10_20.size,14,140,10.0,0.0,100.0,1.0,1.0,0.0,0.0
patch.harvested.10_20.size,15,150,10.0,0.0,100.0,1.0,1.0,34.926025390625,0.0
patch.harvested.10_20.size,16,160,10.0,0.0,100.0,1.0,1.0,0.0,0.0
patch.harvested.10_20.size,17,170,10.0,0.0,100.0,1.0,1.0,27.379253387451172,0.0
patch.harvested.10_20.size,18,180,10.0,0.0,100.0,1.0,1.0,15.644092559814453,0.0
patch.harvested.10_20.size,19,190,10.0,0.0,100.0,1.0,1.0,10.145529747009277,0.0
patch.harvested.10_20.size,20,200,10.0,0.0,100.0,1.0,1.0,0.0,0.0
patch.harvested.10_20.size,21,210,10.0,0.0,100.0,1.0,1.0,9.68994140625,0.0
patch.harvested.10_20.size,22,220,10.0,0.0,100.0,1.0,1.0,30.87010383605957,0.0
patch.harvested.10_20.size,23,230,10.0,0.0,100.0,1.0,1.0,10.698287010192871,0.0
patch.harvested.10_20.size,24,240,10.0,0.0,100.0,1.0,1.0,26.35500717163086,0.0
patch.harvested.10_20.size,25,250,10.0,0.0,100.0,1.0,1.0,0.0,0.0
patch.harvested.10_20.size,26,260,10.0,0.0,100.0,1.0,1.0,13.996259689331055,0.0
patch.harvested.10_20.size,27,270,10.0,0.0,100.0,1.0,1.0,21.50243377685547,0.0
patch.harvested.10_20.size,28,280,10.0,0.0,100.0,1.0,1.0,37.602970123291016,0.0
patch.harvested.10_20.size,29,290,10.0,0.0,100.0,1.0,1.0,32.22357177734375,0.0
patch.harvested.10_20.size,30,300,10.0,0.0,100.0,1.0,1.0,26.7164363861084,0.0
