TARGET,PERIOD,YEAR,PERIODWIDTH,MINIMUM,MAXIMUM,MINWEIGHT,MAXWEIGHT,CURRENT,SUMMARY
patch.harvested.0_10.size,0,0,10.0,0.0,100.0,1.0,1.0,0.0,0.0
patch.harvested.0_10.size,1,10,10.0,0.0,100.0,1.0,1.0,0.0,0.0
patch.harvested.0_10.size,2,20,10.0,0.0,100.0,1.0,1.0,8.965974807739258,0.0
patch.harvested.0_10.size,3,30,10.0,0.0,100.0,1.0,1.0,5.492119312286377,0.0
patch.harvested.0_10.size,4,40,10.0,0.0,100.0,1.0,1.0,15.371627807617188,0.0
patch.harvested.0_10.size,5,50,10.0,0.0,100.0,1.0,1.0,14.167170524597168,0.0
patch.harvested.0_10.size,6,60,10.0,0.0,100.0,1.0,1.0,3.7877886295318604,0.0
patch.harvested.0_10.size,7,70,10.0,0.0,100.0,1.0,1.0,8.117505073547363,0.0
patch.harvested.0_10.size,8,80,10.0,0.0,100.0,1.0,1.0,7.855526924133301,0.0
patch.harvested.0_10.size,9,90,10.0,0.0,100.0,1.0,1.0,0.0,0.0
patch.harvested.0_10.size,10,100,10.0,0.0,100.0,1.0,1.0,2.771435260772705,0.0
patch.harvested.0_10.size,11,110,10.0,0.0,100.0,1.0,1.0,0.0,0.0
patch.harvested.0_10.size,12,120,10.0,0.0,100.0,1.0,1.0,9.593843460083008,0.0
patch.harvested.0_10.size,13,130,10.0,0.0,100.0,1.0,1.0,5.1302666664123535,0.0
patch.harvested.0_10.size,14,140,10.0,0.0,100.0,1.0,1.0,8.334527015686035,0.0
patch.harvested.0_10.size,15,150,10.0,0.0,100.0,1.0,1.0,0.0,0.0
patch.harvested.0_10.size,16,160,10.0,0.0,100.0,1.0,1.0,14.800252914428711,0.0
patch.harvested.0_10.size,17,170,10.0,0.0,100.0,1.0,1.0,8.095763206481934,0.0
patch.harvested.0_10.size,18,180,10.0,0.0,100.0,1.0,1.0,6.512670040130615,0.0
patch.harvested.0_10.size,19,190,10.0,0.0,100.0,1.0,1.0,7.550388813018799,0.0
patch.harvested.0_10.size,20,200,10.0,0.0,100.0,1.0,1.0,0.0,0.0
patch.harvested.0_10.size,21,210,10.0,0.0,100.0,1.0,1.0,4.501035213470459,0.0
patch.harvested.0_10.size,22,220,10.0,0.0,100.0,1.0,1.0,2.2277708053588867,0.0
patch.harvested.0_10.size,23,230,10.0,0.0,100.0,1.0,1.0,8.62266731262207,0.0
patch.harvested.0_10.size,24,240,10.0,0.0,100.0,1.0,1.0,8.64388370513916,0.0
patch.harvested.0_10.size,25,250,10.0,0.0,100.0,1.0,1.0,6.102052688598633,0.0
patch.harvested.0_10.size,26,260,10.0,0.0,100.0,1.0,1.0,0.0,0.0
patch.harvested.0_10.size,27,270,10.0,0.0,100.0,1.0,1.0,11.410326957702637,0.0
patch.harvested.0_10.size,28,280,10.0,0.0,100.0,1.0,1.0,7.5541791915893555,0.0
patch.harvested.0_10.size,29,290,10.0,0.0,100.0,1.0,1.0,0.0,0.0
patch.harvested.0_10.size,30,300,10.0,0.0,100.0,1.0,1.0,0.0,0.0
