TARGET,PERIOD,YEAR,PERIODWIDTH,MINIMUM,MAXIMUM,MINWEIGHT,MAXWEIGHT,CURRENT,SUMMARY
patch.harvested.10_20.size,0,0,10.0,0.0,100.0,1.0,1.0,0.0,0.0
patch.harvested.10_20.size,1,10,10.0,0.0,100.0,1.0,1.0,26.4589786529541,0.0
patch.harvested.10_20.size,2,20,10.0,0.0,100.0,1.0,1.0,14.49370288848877,0.0
patch.harvested.10_20.size,3,30,10.0,0.0,100.0,1.0,1.0,16.81544303894043,0.0
patch.harvested.10_20.size,4,40,10.0,0.0,100.0,1.0,1.0,0.0,0.0
patch.harvested.10_20.size,5,50,10.0,0.0,100.0,1.0,1.0,54.09516525268555,0.0
patch.harvested.10_20.size,6,60,10.0,0.0,100.0,1.0,1.0,11.84377384185791,0.0
patch.harvested.10_20.size,7,70,10.0,0.0,100.0,1.0,1.0,12.235546112060547,0.0
patch.harvested.10_20.size,8,80,10.0,0.0,100.0,1.0,1.0,13.179274559020996,0.0
patch.harvested.10_20.size,9,90,10.0,0.0,100.0,1.0,1.0,24.05253028869629,0.0
patch.harvested.10_20.size,10,100,10.0,0.0,100.0,1.0,1.0,26.41436767578125,0.0
patch.harvested.10_20.size,11,110,10.0,0.0,100.0,1.0,1.0,9.540870666503906,0.0
patch.harvested.10_20.size,12,120,10.0,0.0,100.0,1.0,1.0,23.139074325561523,0.0
patch.harvested.10_20.size,13,130,10.0,0.0,100.0,1.0,1.0,10.731679916381836,0.0
patch.harvested.10_20.size,14,140,10.0,0.0,100.0,1.0,1.0,0.0,0.0
patch.harvested.10_20.size,15,150,10.0,0.0,100.0,1.0,1.0,27.8651065826416,0.0
patch.harvested.10_20.size,16,160,10.0,0.0,100.0,1.0,1.0,11.676948547363281,0.0
patch.harvested.10_20.size,17,170,10.0,0.0,100.0,1.0,1.0,26.57852554321289,0.0
patch.harvested.10_20.size,18,180,10.0,0.0,100.0,1.0,1.0,15.997411727905273,0.0
patch.harvested.10_20.size,19,190,10.0,0.0,100.0,1.0,1.0,30.77260971069336,0.0
patch.harvested.10_20.size,20,200,10.0,0.0,100.0,1.0,1.0,13.618119239807129,0.0
patch.harvested.10_20.size,21,210,10.0,0.0,100.0,1.0,1.0,13.094011306762695,0.0
patch.harvested.10_20.size,22,220,10.0,0.0,100.0,1.0,1.0,7.992439270019531,0.0
patch.harvested.10_20.size,23,230,10.0,0.0,100.0,1.0,1.0,0.0,0.0
patch.harvested.10_20.size,24,240,10.0,0.0,100.0,1.0,1.0,0.0,0.0
patch.harvested.10_20.size,25,250,10.0,0.0,100.0,1.0,1.0,11.039167404174805,0.0
patch.harvested.10_20.size,26,260,10.0,0.0,100.0,1.0,1.0,35.27311706542969,0.0
patch.harvested.10_20.size,27,270,10.0,0.0,100.0,1.0,1.0,10.845252990722656,0.0
patch.harvested.10_20.size,28,280,10.0,0.0,100.0,1.0,1.0,23.818470001220703,0.0
patch.harvested.10_20.size,29,290,10.0,0.0,100.0,1.0,1.0,14.296499252319336,0.0
patch.harvested.10_20.size,30,300,10.0,0.0,100.0,1.0,1.0,29.624130249023438,0.0
