TARGET,PERIOD,YEAR,PERIODWIDTH,MINIMUM,MAXIMUM,MINWEIGHT,MAXWEIGHT,CURRENT,SUMMARY
patch.harvested.20_40.size,0,0,10.0,0.0,100.0,1.0,1.0,0.0,0.0
patch.harvested.20_40.size,1,10,10.0,0.0,100.0,1.0,1.0,84.06279754638672,0.0
patch.harvested.20_40.size,2,20,10.0,0.0,100.0,1.0,1.0,61.839935302734375,0.0
patch.harvested.20_40.size,3,30,10.0,0.0,100.0,1.0,1.0,66.09302520751953,0.0
patch.harvested.20_40.size,4,40,10.0,0.0,100.0,1.0,1.0,0.0,0.0
patch.harvested.20_40.size,5,50,10.0,0.0,100.0,1.0,1.0,84.1644058227539,0.0
patch.harvested.20_40.size,6,60,10.0,0.0,100.0,1.0,1.0,82.36344146728516,0.0
patch.harvested.20_40.size,7,70,10.0,0.0,100.0,1.0,1.0,78.53689575195312,0.0
patch.harvested.20_40.size,8,80,10.0,0.0,100.0,1.0,1.0,84.01050567626953,0.0
patch.harvested.20_40.size,9,90,10.0,0.0,100.0,1.0,1.0,80.06029510498047,0.0
patch.harvested.20_40.size,10,100,10.0,0.0,100.0,1.0,1.0,64.55806732177734,0.0
patch.harvested.20_40.size,11,110,10.0,0.0,100.0,1.0,1.0,75.95722961425781,0.0
patch.harvested.20_40.size,12,120,10.0,0.0,100.0,1.0,1.0,0.0,0.0
patch.harvested.20_40.size,13,130,10.0,0.0,100.0,1.0,1.0,60.715782165527344,0.0
patch.harvested.20_40.size,14,140,10.0,0.0,100.0,1.0,1.0,87.4206314086914,0.0
patch.harvested.20_40.size,15,150,10.0,0.0,100.0,1.0,1.0,58.04106903076172,0.0
patch.harvested.20_40.size,16,160,10.0,0.0,100.0,1.0,1.0,96.8515853881836,0.0
patch.harvested.20_40.size,17,170,10.0,0.0,100.0,1.0,1.0,72.6207504272461,0.0
patch.harvested.20_40.size,18,180,10.0,0.0,100.0,1.0,1.0,75.14299011230469,0.0
patch.harvested.20_40.size,19,190,10.0,0.0,100.0,1.0,1.0,81.23645782470703,0.0
patch.harvested.20_40.size,20,200,10.0,0.0,100.0,1.0,1.0,93.43775939941406,0.0
patch.harvested.20_40.size,21,210,10.0,0.0,100.0,1.0,1.0,84.03189849853516,0.0
patch.harvested.20_40.size,22,220,10.0,0.0,100.0,1.0,1.0,65.5586166381836,0.0
patch.harvested.20_40.size,23,230,10.0,0.0,100.0,1.0,1.0,86.73790740966797,0.0
patch.harvested.20_40.size,24,240,10.0,0.0,100.0,1.0,1.0,72.26769256591797,0.0
patch.harvested.20_40.size,25,250,10.0,0.0,100.0,1.0,1.0,85.75061798095703,0.0
patch.harvested.20_40.size,26,260,10.0,0.0,100.0,1.0,1.0,77.07241821289062,0.0
patch.harvested.20_40.size,27,270,10.0,0.0,100.0,1.0,1.0,78.49756622314453,0.0
patch.harvested.20_40.size,28,280,10.0,0.0,100.0,1.0,1.0,54.683860778808594,0.0
patch.harvested.20_40.size,29,290,10.0,0.0,100.0,1.0,1.0,59.440303802490234,0.0
patch.harvested.20_40.size,30,300,10.0,0.0,100.0,1.0,1.0,73.28356170654297,0.0
