TARGET,PERIOD,YEAR,PERIODWIDTH,MINIMUM,MAXIMUM,MINWEIGHT,MAXWEIGHT,CURRENT,SUMMARY
product.Yield.managed.HW,0,0,10.0,0.0,10000.0,1.0,1.0,0.0,0.0
product.Yield.managed.HW,1,10,10.0,0.0,10000.0,1.0,1.0,77310.3671875,0.0
product.Yield.managed.HW,2,20,10.0,0.0,10000.0,1.0,1.0,77518.734375,0.0
product.Yield.managed.HW,3,30,10.0,0.0,10000.0,1.0,1.0,72017.3828125,0.0
product.Yield.managed.HW,4,40,10.0,0.0,10000.0,1.0,1.0,49074.578125,0.0
product.Yield.managed.HW,5,50,10.0,0.0,10000.0,1.0,1.0,45541.21484375,0.0
product.Yield.managed.HW,6,60,10.0,0.0,10000.0,1.0,1.0,56136.94140625,0.0
product.Yield.managed.HW,7,70,10.0,0.0,10000.0,1.0,1.0,51306.45703125,0.0
product.Yield.managed.HW,8,80,10.0,0.0,10000.0,1.0,1.0,43990.76953125,0.0
product.Yield.managed.HW,9,90,10.0,0.0,10000.0,1.0,1.0,59187.515625,0.0
product.Yield.managed.HW,10,100,10.0,0.0,10000.0,1.0,1.0,64464.97265625,0.0
product.Yield.managed.HW,11,110,10.0,0.0,10000.0,1.0,1.0,57954.234375,0.0
product.Yield.managed.HW,12,120,10.0,0.0,10000.0,1.0,1.0,37018.140625,0.0
product.Yield.managed.HW,13,130,10.0,0.0,10000.0,1.0,1.0,47032.84375,0.0
product.Yield.managed.HW,14,140,10.0,0.0,10000.0,1.0,1.0,54697.09375,0.0
product.Yield.managed.HW,15,150,10.0,0.0,10000.0,1.0,1.0,61716.87890625,0.0
product.Yield.managed.HW,16,160,10.0,0.0,10000.0,1.0,1.0,50701.4765625,0.0
product.Yield.managed.HW,17,170,10.0,0.0,10000.0,1.0,1.0,43789.875,0.0
product.Yield.managed.HW,18,180,10.0,0.0,10000.0,1.0,1.0,50376.453125,0.0
product.Yield.managed.HW,19,190,10.0,0.0,10000.0,1.0,1.0,56493.45703125,0.0
product.Yield.managed.HW,20,200,10.0,0.0,10000.0,1.0,1.0,68201.921875,0.0
product.Yield.managed.HW,21,210,10.0,0.0,10000.0,1.0,1.0,52409.7109375,0.0
product.Yield.managed.HW,22,220,10.0,0.0,10000.0,1.0,1.0,59377.58984375,0.0
product.Yield.managed.HW,23,230,10.0,0.0,10000.0,1.0,1.0,65951.1328125,0.0
product.Yield.managed.HW,24,240,10.0,0.0,10000.0,1.0,1.0,60498.51171875,0.0
product.Yield.managed.HW,25,250,10.0,0.0,10000.0,1.0,1.0,51510.30078125,0.0
product.Yield.managed.HW,26,260,10.0,0.0,10000.0,1.0,1.0,51576.0390625,0.0
product.Yield.managed.HW,27,270,10.0,0.0,10000.0,1.0,1.0,39565.203125,0.0
product.Yield.managed.HW,28,280,10.0,0.0,10000.0,1.0,1.0,51489.1875,0.0
product.Yield.managed.HW,29,290,10.0,0.0,10000.0,1.0,1.0,53611.2578125,0.0
product.Yield.managed.HW,30,300,10.0,0.0,10000.0,1.0,1.0,46249.50390625,0.0
