TARGET,PERIOD,YEAR,PERIODWIDTH,MINIMUM,MAXIMUM,MINWEIGHT,MAXWEIGHT,CURRENT,SUMMARY
feature.Yield.managed.FDC,0,0,10.0,0.0,10000.0,1.0,1.0,213939.921875,0.0
feature.Yield.managed.FDC,1,10,10.0,0.0,10000.0,1.0,1.0,243008.234375,0.0
feature.Yield.managed.FDC,2,20,10.0,0.0,10000.0,1.0,1.0,253569.5625,0.0
feature.Yield.managed.FDC,3,30,10.0,0.0,10000.0,1.0,1.0,253643.34375,0.0
feature.Yield.managed.FDC,4,40,10.0,0.0,10000.0,1.0,1.0,229095.03125,0.0
feature.Yield.managed.FDC,5,50,10.0,0.0,10000.0,1.0,1.0,193338.953125,0.0
feature.Yield.managed.FDC,6,60,10.0,0.0,10000.0,1.0,1.0,184495.5,0.0
feature.Yield.managed.FDC,7,70,10.0,0.0,10000.0,1.0,1.0,208749.296875,0.0
feature.Yield.managed.FDC,8,80,10.0,0.0,10000.0,1.0,1.0,227437.65625,0.0
feature.Yield.managed.FDC,9,90,10.0,0.0,10000.0,1.0,1.0,235044.875,0.0
feature.Yield.managed.FDC,10,100,10.0,0.0,10000.0,1.0,1.0,214706.34375,0.0
feature.Yield.managed.FDC,11,110,10.0,0.0,10000.0,1.0,1.0,213185.734375,0.0
feature.Yield.managed.FDC,12,120,10.0,0.0,10000.0,1.0,1.0,191408.390625,0.0
feature.Yield.managed.FDC,13,130,10.0,0.0,10000.0,1.0,1.0,197244.5625,0.0
feature.Yield.managed.FDC,14,140,10.0,0.0,10000.0,1.0,1.0,182751.578125,0.0
feature.Yield.managed.FDC,15,150,10.0,0.0,10000.0,1.0,1.0,156154.359375,0.0
feature.Yield.managed.FDC,16,160,10.0,0.0,10000.0,1.0,1.0,154901.921875,0.0
feature.Yield.managed.FDC,17,170,10.0,0.0,10000.0,1.0,1.0,155278.375,0.0
feature.Yield.managed.FDC,18,180,10.0,0.0,10000.0,1.0,1.0,166948.421875,0.0
feature.Yield.managed.FDC,19,190,10.0,0.0,10000.0,1.0,1.0,195049.046875,0.0
feature.Yield.managed.FDC,20,200,10.0,0.0,10000.0,1.0,1.0,209256.140625,0.0
feature.Yield.managed.FDC,21,210,10.0,0.0,10000.0,1.0,1.0,207083.4375,0.0
feature.Yield.managed.FDC,22,220,10.0,0.0,10000.0,1.0,1.0,205954.453125,0.0
feature.Yield.managed.FDC,23,230,10.0,0.0,10000.0,1.0,1.0,184139.0625,0.0
feature.Yield.managed.FDC,24,240,10.0,0.0,10000.0,1.0,1.0,173445.4375,0.0
feature.Yield.managed.FDC,25,250,10.0,0.0,10000.0,1.0,1.0,159032.859375,0.0
feature.Yield.managed.FDC,26,260,10.0,0.0,10000.0,1.0,1.0,154883.4375,0.0
feature.Yield.managed.FDC,27,270,10.0,0.0,10000.0,1.0,1.0,168028.140625,0.0
feature.Yield.managed.FDC,28,280,10.0,0.0,10000.0,1.0,1.0,175745.5,0.0
feature.Yield.managed.FDC,29,290,10.0,0.0,10000.0,1.0,1.0,188520.46875,0.0
feature.Yield.managed.FDC,30,300,10.0,0.0,10000.0,1.0,1.0,190523.78125,0.0
