TARGET,PERIOD,YEAR,PERIODWIDTH,MINIMUM,MAXIMUM,MINWEIGHT,MAXWEIGHT,CURRENT,SUMMARY
feature.Yield.managed.CW,0,0,10.0,0.0,10000.0,1.0,1.0,153643.625,0.0
feature.Yield.managed.CW,1,10,10.0,0.0,10000.0,1.0,1.0,150266.234375,0.0
feature.Yield.managed.CW,2,20,10.0,0.0,10000.0,1.0,1.0,161256.859375,0.0
feature.Yield.managed.CW,3,30,10.0,0.0,10000.0,1.0,1.0,160164.234375,0.0
feature.Yield.managed.CW,4,40,10.0,0.0,10000.0,1.0,1.0,155910.28125,0.0
feature.Yield.managed.CW,5,50,10.0,0.0,10000.0,1.0,1.0,150807.65625,0.0
feature.Yield.managed.CW,6,60,10.0,0.0,10000.0,1.0,1.0,149696.6875,0.0
feature.Yield.managed.CW,7,70,10.0,0.0,10000.0,1.0,1.0,146869.265625,0.0
feature.Yield.managed.CW,8,80,10.0,0.0,10000.0,1.0,1.0,137495.71875,0.0
feature.Yield.managed.CW,9,90,10.0,0.0,10000.0,1.0,1.0,136580.5,0.0
feature.Yield.managed.CW,10,100,10.0,0.0,10000.0,1.0,1.0,136060.796875,0.0
feature.Yield.managed.CW,11,110,10.0,0.0,10000.0,1.0,1.0,130993.8828125,0.0
feature.Yield.managed.CW,12,120,10.0,0.0,10000.0,1.0,1.0,126641.3203125,0.0
feature.Yield.managed.CW,13,130,10.0,0.0,10000.0,1.0,1.0,124414.0234375,0.0
feature.Yield.managed.CW,14,140,10.0,0.0,10000.0,1.0,1.0,121117.71875,0.0
feature.Yield.managed.CW,15,150,10.0,0.0,10000.0,1.0,1.0,118729.71875,0.0
feature.Yield.managed.CW,16,160,10.0,0.0,10000.0,1.0,1.0,118975.21875,0.0
feature.Yield.managed.CW,17,170,10.0,0.0,10000.0,1.0,1.0,118730.703125,0.0
feature.Yield.managed.CW,18,180,10.0,0.0,10000.0,1.0,1.0,116757.9140625,0.0
feature.Yield.managed.CW,19,190,10.0,0.0,10000.0,1.0,1.0,114157.9609375,0.0
feature.Yield.managed.CW,20,200,10.0,0.0,10000.0,1.0,1.0,114396.4140625,0.0
feature.Yield.managed.CW,21,210,10.0,0.0,10000.0,1.0,1.0,112330.5859375,0.0
feature.Yield.managed.CW,22,220,10.0,0.0,10000.0,1.0,1.0,110484.0234375,0.0
feature.Yield.managed.CW,23,230,10.0,0.0,10000.0,1.0,1.0,109269.1328125,0.0
feature.Yield.managed.CW,24,240,10.0,0.0,10000.0,1.0,1.0,110090.2109375,0.0
feature.Yield.managed.CW,25,250,10.0,0.0,10000.0,1.0,1.0,108137.6796875,0.0
feature.Yield.managed.CW,26,260,10.0,0.0,10000.0,1.0,1.0,106746.140625,0.0
feature.Yield.managed.CW,27,270,10.0,0.0,10000.0,1.0,1.0,100124.21875,0.0
feature.Yield.managed.CW,28,280,10.0,0.0,10000.0,1.0,1.0,96307.359375,0.0
feature.Yield.managed.CW,29,290,10.0,0.0,10000.0,1.0,1.0,94991.203125,0.0
feature.Yield.managed.CW,30,300,10.0,0.0,10000.0,1.0,1.0,93458.8046875,0.0
