TARGET,PERIOD,YEAR,PERIODWIDTH,MINIMUM,MAXIMUM,MINWEIGHT,MAXWEIGHT,CURRENT,SUMMARY
patch.harvested.0_40.size,0,0,10.0,0.0,100.0,1.0,1.0,0.0,0.0
patch.harvested.0_40.size,1,10,10.0,0.0,100.0,1.0,1.0,100.0,0.0
patch.harvested.0_40.size,2,20,10.0,0.0,100.0,1.0,1.0,74.32734680175781,0.0
patch.harvested.0_40.size,3,30,10.0,0.0,100.0,1.0,1.0,70.17687225341797,0.0
patch.harvested.0_40.size,4,40,10.0,0.0,100.0,1.0,1.0,100.0,0.0
patch.harvested.0_40.size,5,50,10.0,0.0,100.0,1.0,1.0,62.24393081665039,0.0
patch.harvested.0_40.size,6,60,10.0,0.0,100.0,1.0,1.0,70.663330078125,0.0
patch.harvested.0_40.size,7,70,10.0,0.0,100.0,1.0,1.0,100.0,0.0
patch.harvested.0_40.size,8,80,10.0,0.0,100.0,1.0,1.0,77.03406524658203,0.0
patch.harvested.0_40.size,9,90,10.0,0.0,100.0,1.0,1.0,25.60332489013672,0.0
patch.harvested.0_40.size,10,100,10.0,0.0,100.0,1.0,1.0,100.0,0.0
patch.harvested.0_40.size,11,110,10.0,0.0,100.0,1.0,1.0,56.37565231323242,0.0
patch.harvested.0_40.size,12,120,10.0,0.0,100.0,1.0,1.0,100.0,0.0
patch.harvested.0_40.size,13,130,10.0,0.0,100.0,1.0,1.0,100.0,0.0
patch.harvested.0_40.size,14,140,10.0,0.0,100.0,1.0,1.0,100.0,0.0
patch.harvested.0_40.size,15,150,10.0,0.0,100.0,1.0,1.0,100.0,0.0
patch.harvested.0_40.size,16,160,10.0,0.0,100.0,1.0,1.0,100.0,0.0
patch.harvested.0_40.size,17,170,10.0,0.0,100.0,1.0,1.0,76.80683898925781,0.0
patch.harvested.0_40.size,18,180,10.0,0.0,100.0,1.0,1.0,62.79270935058594,0.0
patch.harvested.0_40.size,19,190,10.0,0.0,100.0,1.0,1.0,47.98899459838867,0.0
patch.harvested.0_40.size,20,200,10.0,0.0,100.0,1.0,1.0,69.1605453491211,0.0
patch.harvested.0_40.size,21,210,10.0,0.0,100.0,1.0,1.0,100.0,0.0
patch.harvested.0_40.size,22,220,10.0,0.0,100.0,1.0,1.0,100.0,0.0
patch.harvested.0_40.size,23,230,10.0,0.0,100.0,1.0,1.0,100.0,0.0
patch.harvested.0_40.size,24,240,10.0,0.0,100.0,1.0,1.0,78.46283721923828,0.0
patch.harvested.0_40.size,25,250,10.0,0.0,100.0,1.0,1.0,100.0,0.0
patch.harvested.0_40.size,26,260,10.0,0.0,100.0,1.0,1.0,71.48883056640625,0.0
patch.harvested.0_40.size,27,270,10.0,0.0,100.0,1.0,1.0,58.1941032409668,0.0
patch.harvested.0_40.size,28,280,10.0,0.0,100.0,1.0,1.0,100.0,0.0
patch.harvested.0_40.size,29,290,10.0,0.0,100.0,1.0,1.0,74.33242797851562,0.0
patch.harvested.0_40.size,30,300,10.0,0.0,100.0,1.0,1.0,100.0,0.0
