TARGET,PERIOD,YEAR,PERIODWIDTH,MINIMUM,MAXIMUM,MINWEIGHT,MAXWEIGHT,CURRENT,SUMMARY
patch.harvested.10_20.size,0,0,10.0,0.0,100.0,1.0,1.0,0.0,0.0
patch.harvested.10_20.size,1,10,10.0,0.0,100.0,1.0,1.0,5.628559589385986,0.0
patch.harvested.10_20.size,2,20,10.0,0.0,100.0,1.0,1.0,39.39004898071289,0.0
patch.harvested.10_20.size,3,30,10.0,0.0,100.0,1.0,1.0,30.15714454650879,0.0
patch.harvested.10_20.size,4,40,10.0,0.0,100.0,1.0,1.0,0.0,0.0
patch.harvested.10_20.size,5,50,10.0,0.0,100.0,1.0,1.0,16.213706970214844,0.0
patch.harvested.10_20.size,6,60,10.0,0.0,100.0,1.0,1.0,24.19196319580078,0.0
patch.harvested.10_20.size,7,70,10.0,0.0,100.0,1.0,1.0,44.72626876831055,0.0
patch.harvested.10_20.size,8,80,10.0,0.0,100.0,1.0,1.0,19.15611457824707,0.0
patch.harvested.10_20.size,9,90,10.0,0.0,100.0,1.0,1.0,5.838369369506836,0.0
patch.harvested.10_20.size,10,100,10.0,0.0,100.0,1.0,1.0,29.636947631835938,0.0
patch.harvested.10_20.size,11,110,10.0,0.0,100.0,1.0,1.0,38.13709259033203,0.0
patch.harvested.10_20.size,12,120,10.0,0.0,100.0,1.0,1.0,31.83964729309082,0.0
patch.harvested.10_20.size,13,130,10.0,0.0,100.0,1.0,1.0,19.459014892578125,0.0
patch.harvested.10_20.size,14,140,10.0,0.0,100.0,1.0,1.0,14.099108695983887,0.0
patch.harvested.10_20.size,15,150,10.0,0.0,100.0,1.0,1.0,53.19499588012695,0.0
patch.harvested.10_20.size,16,160,10.0,0.0,100.0,1.0,1.0,33.83407211303711,0.0
patch.harvested.10_20.size,17,170,10.0,0.0,100.0,1.0,1.0,22.500978469848633,0.0
patch.harvested.10_20.size,18,180,10.0,0.0,100.0,1.0,1.0,22.692270278930664,0.0
patch.harvested.10_20.size,19,190,10.0,0.0,100.0,1.0,1.0,57.450469970703125,0.0
patch.harvested.10_20.size,20,200,10.0,0.0,100.0,1.0,1.0,38.16777420043945,0.0
patch.harvested.10_20.size,21,210,10.0,0.0,100.0,1.0,1.0,35.865047454833984,0.0
patch.harvested.10_20.size,22,220,10.0,0.0,100.0,1.0,1.0,31.273414611816406,0.0
patch.harvested.10_20.size,23,230,10.0,0.0,100.0,1.0,1.0,41.079078674316406,0.0
patch.harvested.10_20.size,24,240,10.0,0.0,100.0,1.0,1.0,51.944828033447266,0.0
patch.harvested.10_20.size,25,250,10.0,0.0,100.0,1.0,1.0,8.035593032836914,0.0
patch.harvested.10_20.size,26,260,10.0,0.0,100.0,1.0,1.0,29.239234924316406,0.0
patch.harvested.10_20.size,27,270,10.0,0.0,100.0,1.0,1.0,17.426393508911133,0.0
patch.harvested.10_20.size,28,280,10.0,0.0,100.0,1.0,1.0,58.726287841796875,0.0
patch.harvested.10_20.size,29,290,10.0,0.0,100.0,1.0,1.0,48.64055252075195,0.0
patch.harvested.10_20.size,30,300,10.0,0.0,100.0,1.0,1.0,30.191823959350586,0.0
