TARGET,PERIOD,YEAR,PERIODWIDTH,MINIMUM,MAXIMUM,MINWEIGHT,MAXWEIGHT,CURRENT,SUMMARY
patch.harvested.20_40.size,0,0,10.0,0.0,100.0,1.0,1.0,0.0,0.0
patch.harvested.20_40.size,1,10,10.0,0.0,100.0,1.0,1.0,54.249610900878906,0.0
patch.harvested.20_40.size,2,20,10.0,0.0,100.0,1.0,1.0,44.04418182373047,0.0
patch.harvested.20_40.size,3,30,10.0,0.0,100.0,1.0,1.0,29.33074188232422,0.0
patch.harvested.20_40.size,4,40,10.0,0.0,100.0,1.0,1.0,62.479068756103516,0.0
patch.harvested.20_40.size,5,50,10.0,0.0,100.0,1.0,1.0,15.887282371520996,0.0
patch.harvested.20_40.size,6,60,10.0,0.0,100.0,1.0,1.0,37.97123336791992,0.0
patch.harvested.20_40.size,7,70,10.0,0.0,100.0,1.0,1.0,65.74857330322266,0.0
patch.harvested.20_40.size,8,80,10.0,0.0,100.0,1.0,1.0,12.834271430969238,0.0
patch.harvested.20_40.size,9,90,10.0,0.0,100.0,1.0,1.0,0.0,0.0
patch.harvested.20_40.size,10,100,10.0,0.0,100.0,1.0,1.0,0.0,0.0
patch.harvested.20_40.size,11,110,10.0,0.0,100.0,1.0,1.0,13.316906929016113,0.0
patch.harvested.20_40.size,12,120,10.0,0.0,100.0,1.0,1.0,21.273584365844727,0.0
patch.harvested.20_40.size,13,130,10.0,0.0,100.0,1.0,1.0,35.64957809448242,0.0
patch.harvested.20_40.size,14,140,10.0,0.0,100.0,1.0,1.0,18.200559616088867,0.0
patch.harvested.20_40.size,15,150,10.0,0.0,100.0,1.0,1.0,16.360790252685547,0.0
patch.harvested.20_40.size,16,160,10.0,0.0,100.0,1.0,1.0,60.21764373779297,0.0
patch.harvested.20_40.size,17,170,10.0,0.0,100.0,1.0,1.0,16.788393020629883,0.0
patch.harvested.20_40.size,18,180,10.0,0.0,100.0,1.0,1.0,30.524412155151367,0.0
patch.harvested.20_40.size,19,190,10.0,0.0,100.0,1.0,1.0,0.0,0.0
patch.harvested.20_40.size,20,200,10.0,0.0,100.0,1.0,1.0,0.0,0.0
patch.harvested.20_40.size,21,210,10.0,0.0,100.0,1.0,1.0,26.104087829589844,0.0
patch.harvested.20_40.size,22,220,10.0,0.0,100.0,1.0,1.0,52.922603607177734,0.0
patch.harvested.20_40.size,23,230,10.0,0.0,100.0,1.0,1.0,26.102067947387695,0.0
patch.harvested.20_40.size,24,240,10.0,0.0,100.0,1.0,1.0,29.28147315979004,0.0
patch.harvested.20_40.size,25,250,10.0,0.0,100.0,1.0,1.0,16.983203887939453,0.0
patch.harvested.20_40.size,26,260,10.0,0.0,100.0,1.0,1.0,34.13605499267578,0.0
patch.harvested.20_40.size,27,270,10.0,0.0,100.0,1.0,1.0,35.517906188964844,0.0
patch.harvested.20_40.size,28,280,10.0,0.0,100.0,1.0,1.0,33.814632415771484,0.0
patch.harvested.20_40.size,29,290,10.0,0.0,100.0,1.0,1.0,35.423316955566406,0.0
patch.harvested.20_40.size,30,300,10.0,0.0,100.0,1.0,1.0,27.565898895263672,0.0
