TARGET,PERIOD,YEAR,PERIODWIDTH,MINIMUM,MAXIMUM,MINWEIGHT,MAXWEIGHT,CURRENT,SUMMARY
product.Yield.managed.FDC,0,0,10.0,0.0,10000.0,1.0,1.0,0.0,0.0
product.Yield.managed.FDC,1,10,10.0,0.0,10000.0,1.0,1.0,23895.408203125,0.0
product.Yield.managed.FDC,2,20,10.0,0.0,10000.0,1.0,1.0,31701.693359375,0.0
product.Yield.managed.FDC,3,30,10.0,0.0,10000.0,1.0,1.0,41496.25,0.0
product.Yield.managed.FDC,4,40,10.0,0.0,10000.0,1.0,1.0,54869.71484375,0.0
product.Yield.managed.FDC,5,50,10.0,0.0,10000.0,1.0,1.0,33692.53125,0.0
product.Yield.managed.FDC,6,60,10.0,0.0,10000.0,1.0,1.0,61703.04296875,0.0
product.Yield.managed.FDC,7,70,10.0,0.0,10000.0,1.0,1.0,39065.01171875,0.0
product.Yield.managed.FDC,8,80,10.0,0.0,10000.0,1.0,1.0,15482.466796875,0.0
product.Yield.managed.FDC,9,90,10.0,0.0,10000.0,1.0,1.0,69178.359375,0.0
product.Yield.managed.FDC,10,100,10.0,0.0,10000.0,1.0,1.0,49990.61328125,0.0
product.Yield.managed.FDC,11,110,10.0,0.0,10000.0,1.0,1.0,14214.7275390625,0.0
product.Yield.managed.FDC,12,120,10.0,0.0,10000.0,1.0,1.0,41974.04296875,0.0
product.Yield.managed.FDC,13,130,10.0,0.0,10000.0,1.0,1.0,40345.4375,0.0
product.Yield.managed.FDC,14,140,10.0,0.0,10000.0,1.0,1.0,39644.95703125,0.0
product.Yield.managed.FDC,15,150,10.0,0.0,10000.0,1.0,1.0,32726.9453125,0.0
product.Yield.managed.FDC,16,160,10.0,0.0,10000.0,1.0,1.0,57131.546875,0.0
product.Yield.managed.FDC,17,170,10.0,0.0,10000.0,1.0,1.0,51177.35546875,0.0
product.Yield.managed.FDC,18,180,10.0,0.0,10000.0,1.0,1.0,36643.1953125,0.0
product.Yield.managed.FDC,19,190,10.0,0.0,10000.0,1.0,1.0,27919.96484375,0.0
product.Yield.managed.FDC,20,200,10.0,0.0,10000.0,1.0,1.0,51456.80859375,0.0
product.Yield.managed.FDC,21,210,10.0,0.0,10000.0,1.0,1.0,32512.353515625,0.0
product.Yield.managed.FDC,22,220,10.0,0.0,10000.0,1.0,1.0,36777.88671875,0.0
product.Yield.managed.FDC,23,230,10.0,0.0,10000.0,1.0,1.0,39139.57421875,0.0
product.Yield.managed.FDC,24,240,10.0,0.0,10000.0,1.0,1.0,60202.1171875,0.0
product.Yield.managed.FDC,25,250,10.0,0.0,10000.0,1.0,1.0,28913.0703125,0.0
product.Yield.managed.FDC,26,260,10.0,0.0,10000.0,1.0,1.0,38740.54296875,0.0
product.Yield.managed.FDC,27,270,10.0,0.0,10000.0,1.0,1.0,32854.23828125,0.0
product.Yield.managed.FDC,28,280,10.0,0.0,10000.0,1.0,1.0,47786.81640625,0.0
product.Yield.managed.FDC,29,290,10.0,0.0,10000.0,1.0,1.0,56138.37109375,0.0
product.Yield.managed.FDC,30,300,10.0,0.0,10000.0,1.0,1.0,43506.46875,0.0
