TARGET,PERIOD,YEAR,PERIODWIDTH,MINIMUM,MAXIMUM,MINWEIGHT,MAXWEIGHT,CURRENT,SUMMARY
feature.Seral.overmature,0,0,10.0,0.0,10000.0,1.0,1.0,427.95098876953125,0.0
feature.Seral.overmature,1,10,10.0,0.0,10000.0,1.0,1.0,404.1300048828125,0.0
feature.Seral.overmature,2,20,10.0,0.0,10000.0,1.0,1.0,435.1029968261719,0.0
feature.Seral.overmature,3,30,10.0,0.0,10000.0,1.0,1.0,477.70098876953125,0.0
feature.Seral.overmature,4,40,10.0,0.0,10000.0,1.0,1.0,625.31201171875,0.0
feature.Seral.overmature,5,50,10.0,0.0,10000.0,1.0,1.0,793.6229858398438,0.0
feature.Seral.overmature,6,60,10.0,0.0,10000.0,1.0,1.0,698.22998046875,0.0
feature.Seral.overmature,7,70,10.0,0.0,10000.0,1.0,1.0,681.9959716796875,0.0
feature.Seral.overmature,8,80,10.0,0.0,10000.0,1.0,1.0,619.2650146484375,0.0
feature.Seral.overmature,9,90,10.0,0.0,10000.0,1.0,1.0,657.447998046875,0.0
feature.Seral.overmature,10,100,10.0,0.0,10000.0,1.0,1.0,679.7680053710938,0.0
feature.Seral.overmature,11,110,10.0,0.0,10000.0,1.0,1.0,760.5700073242188,0.0
feature.Seral.overmature,12,120,10.0,0.0,10000.0,1.0,1.0,764.6649780273438,0.0
feature.Seral.overmature,13,130,10.0,0.0,10000.0,1.0,1.0,742.385009765625,0.0
feature.Seral.overmature,14,140,10.0,0.0,10000.0,1.0,1.0,754.7570190429688,0.0
feature.Seral.overmature,15,150,10.0,0.0,10000.0,1.0,1.0,742.4669799804688,0.0
feature.Seral.overmature,16,160,10.0,0.0,10000.0,1.0,1.0,715.1900024414062,0.0
feature.Seral.overmature,17,170,10.0,0.0,10000.0,1.0,1.0,709.8159790039062,0.0
feature.Seral.overmature,18,180,10.0,0.0,10000.0,1.0,1.0,709.8159790039062,0.0
feature.Seral.overmature,19,190,10.0,0.0,10000.0,1.0,1.0,705.6279907226562,0.0
feature.Seral.overmature,20,200,10.0,0.0,10000.0,1.0,1.0,692.1060180664062,0.0
feature.Seral.overmature,21,210,10.0,0.0,10000.0,1.0,1.0,709.469970703125,0.0
feature.Seral.overmature,22,220,10.0,0.0,10000.0,1.0,1.0,709.9559936523438,0.0
feature.Seral.overmature,23,230,10.0,0.0,10000.0,1.0,1.0,710.0089721679688,0.0
feature.Seral.overmature,24,240,10.0,0.0,10000.0,1.0,1.0,690.833984375,0.0
feature.Seral.overmature,25,250,10.0,0.0,10000.0,1.0,1.0,688.2260131835938,0.0
feature.Seral.overmature,26,260,10.0,0.0,10000.0,1.0,1.0,689.22802734375,0.0
feature.Seral.overmature,27,270,10.0,0.0,10000.0,1.0,1.0,691.3159790039062,0.0
feature.Seral.overmature,28,280,10.0,0.0,10000.0,1.0,1.0,696.7470092773438,0.0
feature.Seral.overmature,29,290,10.0,0.0,10000.0,1.0,1.0,702.1599731445312,0.0
feature.Seral.overmature,30,300,10.0,0.0,10000.0,1.0,1.0,713.93701171875,0.0
