TARGET,PERIOD,YEAR,PERIODWIDTH,MINIMUM,MAXIMUM,MINWEIGHT,MAXWEIGHT,CURRENT,SUMMARY
patch.harvested.0_10.shape,0,0,10.0,0.0,100.0,1.0,1.0,0.0,100.0
patch.harvested.0_10.shape,1,10,10.0,0.0,100.0,1.0,1.0,2.305000066757202,100.0
patch.harvested.0_10.shape,2,20,10.0,0.0,100.0,1.0,1.0,1.6552000045776367,100.0
patch.harvested.0_10.shape,3,30,10.0,0.0,100.0,1.0,1.0,1.378000020980835,100.0
patch.harvested.0_10.shape,4,40,10.0,0.0,100.0,1.0,1.0,1.3140000104904175,100.0
patch.harvested.0_10.shape,5,50,10.0,0.0,100.0,1.0,1.0,1.7918332815170288,100.0
patch.harvested.0_10.shape,6,60,10.0,0.0,100.0,1.0,1.0,2.0834999084472656,100.0
patch.harvested.0_10.shape,7,70,10.0,0.0,100.0,1.0,1.0,1.8512500524520874,100.0
patch.harvested.0_10.shape,8,80,10.0,0.0,100.0,1.0,1.0,1.5440000295639038,100.0
patch.harvested.0_10.shape,9,90,10.0,0.0,100.0,1.0,1.0,1.2410000562667847,100.0
patch.harvested.0_10.shape,10,100,10.0,0.0,100.0,1.0,1.0,0.0,100.0
patch.harvested.0_10.shape,11,110,10.0,0.0,100.0,1.0,1.0,1.5080000162124634,100.0
patch.harvested.0_10.shape,12,120,10.0,0.0,100.0,1.0,1.0,1.5110000371932983,100.0
patch.harvested.0_10.shape,13,130,10.0,0.0,100.0,1.0,1.0,0.0,100.0
patch.harvested.0_10.shape,14,140,10.0,0.0,100.0,1.0,1.0,1.8229999542236328,100.0
patch.harvested.0_10.shape,15,150,10.0,0.0,100.0,1.0,1.0,2.1029999256134033,100.0
patch.harvested.0_10.shape,16,160,10.0,0.0,100.0,1.0,1.0,0.0,100.0
patch.harvested.0_10.shape,17,170,10.0,0.0,100.0,1.0,1.0,3.0280001163482666,100.0
patch.harvested.0_10.shape,18,180,10.0,0.0,100.0,1.0,1.0,0.0,100.0
patch.harvested.0_10.shape,19,190,10.0,0.0,100.0,1.0,1.0,1.559000015258789,100.0
patch.harvested.0_10.shape,20,200,10.0,0.0,100.0,1.0,1.0,1.3995000123977661,100.0
patch.harvested.0_10.shape,21,210,10.0,0.0,100.0,1.0,1.0,1.6139999628067017,100.0
patch.harvested.0_10.shape,22,220,10.0,0.0,100.0,1.0,1.0,2.059499979019165,100.0
patch.harvested.0_10.shape,23,230,10.0,0.0,100.0,1.0,1.0,2.0834999084472656,100.0
patch.harvested.0_10.shape,24,240,10.0,0.0,100.0,1.0,1.0,0.0,100.0
patch.harvested.0_10.shape,25,250,10.0,0.0,100.0,1.0,1.0,2.305000066757202,100.0
patch.harvested.0_10.shape,26,260,10.0,0.0,100.0,1.0,1.0,0.0,100.0
patch.harvested.0_10.shape,27,270,10.0,0.0,100.0,1.0,1.0,2.493000030517578,100.0
patch.harvested.0_10.shape,28,280,10.0,0.0,100.0,1.0,1.0,1.4536000490188599,100.0
patch.harvested.0_10.shape,29,290,10.0,0.0,100.0,1.0,1.0,2.621000051498413,100.0
patch.harvested.0_10.shape,30,300,10.0,0.0,100.0,1.0,1.0,2.2036666870117188,100.0
