TARGET,PERIOD,YEAR,PERIODWIDTH,MINIMUM,MAXIMUM,MINWEIGHT,MAXWEIGHT,CURRENT,SUMMARY
patch.harvested.0_10.shape,0,0,10.0,0.0,100.0,1.0,1.0,0.0,100.0
patch.harvested.0_10.shape,1,10,10.0,0.0,100.0,1.0,1.0,1.6890000104904175,100.0
patch.harvested.0_10.shape,2,20,10.0,0.0,100.0,1.0,1.0,1.7649999856948853,100.0
patch.harvested.0_10.shape,3,30,10.0,0.0,100.0,1.0,1.0,2.1029999256134033,100.0
patch.harvested.0_10.shape,4,40,10.0,0.0,100.0,1.0,1.0,1.5839999914169312,100.0
patch.harvested.0_10.shape,5,50,10.0,0.0,100.0,1.0,1.0,1.4079999923706055,100.0
patch.harvested.0_10.shape,6,60,10.0,0.0,100.0,1.0,1.0,1.7949999570846558,100.0
patch.harvested.0_10.shape,7,70,10.0,0.0,100.0,1.0,1.0,1.8600000143051147,100.0
patch.harvested.0_10.shape,8,80,10.0,0.0,100.0,1.0,1.0,0.0,100.0
patch.harvested.0_10.shape,9,90,10.0,0.0,100.0,1.0,1.0,0.0,100.0
patch.harvested.0_10.shape,10,100,10.0,0.0,100.0,1.0,1.0,1.7834999561309814,100.0
patch.harvested.0_10.shape,11,110,10.0,0.0,100.0,1.0,1.0,1.378000020980835,100.0
patch.harvested.0_10.shape,12,120,10.0,0.0,100.0,1.0,1.0,1.7567499876022339,100.0
patch.harvested.0_10.shape,13,130,10.0,0.0,100.0,1.0,1.0,1.7790000438690186,100.0
patch.harvested.0_10.shape,14,140,10.0,0.0,100.0,1.0,1.0,1.2730000019073486,100.0
patch.harvested.0_10.shape,15,150,10.0,0.0,100.0,1.0,1.0,3.8529999256134033,100.0
patch.harvested.0_10.shape,16,160,10.0,0.0,100.0,1.0,1.0,1.683500051498413,100.0
patch.harvested.0_10.shape,17,170,10.0,0.0,100.0,1.0,1.0,0.0,100.0
patch.harvested.0_10.shape,18,180,10.0,0.0,100.0,1.0,1.0,1.7419999837875366,100.0
patch.harvested.0_10.shape,19,190,10.0,0.0,100.0,1.0,1.0,1.7949999570846558,100.0
patch.harvested.0_10.shape,20,200,10.0,0.0,100.0,1.0,1.0,1.840000033378601,100.0
patch.harvested.0_10.shape,21,210,10.0,0.0,100.0,1.0,1.0,1.409999966621399,100.0
patch.harvested.0_10.shape,22,220,10.0,0.0,100.0,1.0,1.0,1.2730000019073486,100.0
patch.harvested.0_10.shape,23,230,10.0,0.0,100.0,1.0,1.0,1.78766667842865,100.0
patch.harvested.0_10.shape,24,240,10.0,0.0,100.0,1.0,1.0,0.0,100.0
patch.harvested.0_10.shape,25,250,10.0,0.0,100.0,1.0,1.0,0.0,100.0
patch.harvested.0_10.shape,26,260,10.0,0.0,100.0,1.0,1.0,0.0,100.0
patch.harvested.0_10.shape,27,270,10.0,0.0,100.0,1.0,1.0,1.7649999856948853,100.0
patch.harvested.0_10.shape,28,280,10.0,0.0,100.0,1.0,1.0,2.1029999256134033,100.0
patch.harvested.0_10.shape,29,290,10.0,0.0,100.0,1.0,1.0,1.409999966621399,100.0
patch.harvested.0_10.shape,30,300,10.0,0.0,100.0,1.0,1.0,1.562000036239624,100.0
