TARGET,PERIOD,YEAR,PERIODWIDTH,MINIMUM,MAXIMUM,MINWEIGHT,MAXWEIGHT,CURRENT,SUMMARY
patch.harvested.10_20.size,0,0,10.0,0.0,100.0,1.0,1.0,0.0,0.0
patch.harvested.10_20.size,1,10,10.0,0.0,100.0,1.0,1.0,26.100509643554688,0.0
patch.harvested.10_20.size,2,20,10.0,0.0,100.0,1.0,1.0,27.751859664916992,0.0
patch.harvested.10_20.size,3,30,10.0,0.0,100.0,1.0,1.0,11.571094512939453,0.0
patch.harvested.10_20.size,4,40,10.0,0.0,100.0,1.0,1.0,31.225303649902344,0.0
patch.harvested.10_20.size,5,50,10.0,0.0,100.0,1.0,1.0,10.277416229248047,0.0
patch.harvested.10_20.size,6,60,10.0,0.0,100.0,1.0,1.0,19.994638442993164,0.0
patch.harvested.10_20.size,7,70,10.0,0.0,100.0,1.0,1.0,12.1480073928833,0.0
patch.harvested.10_20.size,8,80,10.0,0.0,100.0,1.0,1.0,11.271924018859863,0.0
patch.harvested.10_20.size,9,90,10.0,0.0,100.0,1.0,1.0,14.945916175842285,0.0
patch.harvested.10_20.size,10,100,10.0,0.0,100.0,1.0,1.0,32.134578704833984,0.0
patch.harvested.10_20.size,11,110,10.0,0.0,100.0,1.0,1.0,31.85515785217285,0.0
patch.harvested.10_20.size,12,120,10.0,0.0,100.0,1.0,1.0,57.36800003051758,0.0
patch.harvested.10_20.size,13,130,10.0,0.0,100.0,1.0,1.0,13.814338684082031,0.0
patch.harvested.10_20.size,14,140,10.0,0.0,100.0,1.0,1.0,23.257225036621094,0.0
patch.harvested.10_20.size,15,150,10.0,0.0,100.0,1.0,1.0,33.67824935913086,0.0
patch.harvested.10_20.size,16,160,10.0,0.0,100.0,1.0,1.0,8.502079963684082,0.0
patch.harvested.10_20.size,17,170,10.0,0.0,100.0,1.0,1.0,13.377252578735352,0.0
patch.harvested.10_20.size,18,180,10.0,0.0,100.0,1.0,1.0,28.791231155395508,0.0
patch.harvested.10_20.size,19,190,10.0,0.0,100.0,1.0,1.0,17.266172409057617,0.0
patch.harvested.10_20.size,20,200,10.0,0.0,100.0,1.0,1.0,12.028590202331543,0.0
patch.harvested.10_20.size,21,210,10.0,0.0,100.0,1.0,1.0,24.91008758544922,0.0
patch.harvested.10_20.size,22,220,10.0,0.0,100.0,1.0,1.0,36.486907958984375,0.0
patch.harvested.10_20.size,23,230,10.0,0.0,100.0,1.0,1.0,12.003520965576172,0.0
patch.harvested.10_20.size,24,240,10.0,0.0,100.0,1.0,1.0,30.73889923095703,0.0
patch.harvested.10_20.size,25,250,10.0,0.0,100.0,1.0,1.0,26.1018009185791,0.0
patch.harvested.10_20.size,26,260,10.0,0.0,100.0,1.0,1.0,20.826705932617188,0.0
patch.harvested.10_20.size,27,270,10.0,0.0,100.0,1.0,1.0,27.82821273803711,0.0
patch.harvested.10_20.size,28,280,10.0,0.0,100.0,1.0,1.0,14.396708488464355,0.0
patch.harvested.10_20.size,29,290,10.0,0.0,100.0,1.0,1.0,56.94563293457031,0.0
patch.harvested.10_20.size,30,300,10.0,0.0,100.0,1.0,1.0,0.0,0.0
