TARGET,PERIOD,YEAR,PERIODWIDTH,MINIMUM,MAXIMUM,MINWEIGHT,MAXWEIGHT,CURRENT,SUMMARY
patch.harvested.10_20.size,0,0,10.0,0.0,100.0,1.0,1.0,0.0,0.0
patch.harvested.10_20.size,1,10,10.0,0.0,100.0,1.0,1.0,65.40010070800781,0.0
patch.harvested.10_20.size,2,20,10.0,0.0,100.0,1.0,1.0,26.104816436767578,0.0
patch.harvested.10_20.size,3,30,10.0,0.0,100.0,1.0,1.0,38.80832290649414,0.0
patch.harvested.10_20.size,4,40,10.0,0.0,100.0,1.0,1.0,38.606101989746094,0.0
patch.harvested.10_20.size,5,50,10.0,0.0,100.0,1.0,1.0,0.0,0.0
patch.harvested.10_20.size,6,60,10.0,0.0,100.0,1.0,1.0,32.52278518676758,0.0
patch.harvested.10_20.size,7,70,10.0,0.0,100.0,1.0,1.0,0.0,0.0
patch.harvested.10_20.size,8,80,10.0,0.0,100.0,1.0,1.0,40.87764358520508,0.0
patch.harvested.10_20.size,9,90,10.0,0.0,100.0,1.0,1.0,49.46708679199219,0.0
patch.harvested.10_20.size,10,100,10.0,0.0,100.0,1.0,1.0,0.0,0.0
patch.harvested.10_20.size,11,110,10.0,0.0,100.0,1.0,1.0,10.512110710144043,0.0
patch.harvested.10_20.size,12,120,10.0,0.0,100.0,1.0,1.0,37.524681091308594,0.0
patch.harvested.10_20.size,13,130,10.0,0.0,100.0,1.0,1.0,0.0,0.0
patch.harvested.10_20.size,14,140,10.0,0.0,100.0,1.0,1.0,0.0,0.0
patch.harvested.10_20.size,15,150,10.0,0.0,100.0,1.0,1.0,57.92485046386719,0.0
patch.harvested.10_20.size,16,160,10.0,0.0,100.0,1.0,1.0,61.321189880371094,0.0
patch.harvested.10_20.size,17,170,10.0,0.0,100.0,1.0,1.0,25.109745025634766,0.0
patch.harvested.10_20.size,18,180,10.0,0.0,100.0,1.0,1.0,17.12081527709961,0.0
patch.harvested.10_20.size,19,190,10.0,0.0,100.0,1.0,1.0,0.0,0.0
patch.harvested.10_20.size,20,200,10.0,0.0,100.0,1.0,1.0,25.611486434936523,0.0
patch.harvested.10_20.size,21,210,10.0,0.0,100.0,1.0,1.0,0.0,0.0
patch.harvested.10_20.size,22,220,10.0,0.0,100.0,1.0,1.0,0.0,0.0
patch.harvested.10_20.size,23,230,10.0,0.0,100.0,1.0,1.0,15.687137603759766,0.0
patch.harvested.10_20.size,24,240,10.0,0.0,100.0,1.0,1.0,22.595565795898438,0.0
patch.harvested.10_20.size,25,250,10.0,0.0,100.0,1.0,1.0,53.2621955871582,0.0
patch.harvested.10_20.size,26,260,10.0,0.0,100.0,1.0,1.0,26.57131576538086,0.0
patch.harvested.10_20.size,27,270,10.0,0.0,100.0,1.0,1.0,18.34801483154297,0.0
patch.harvested.10_20.size,28,280,10.0,0.0,100.0,1.0,1.0,14.021122932434082,0.0
patch.harvested.10_20.size,29,290,10.0,0.0,100.0,1.0,1.0,18.18906593322754,0.0
patch.harvested.10_20.size,30,300,10.0,0.0,100.0,1.0,1.0,17.22634506225586,0.0
