TARGET,PERIOD,YEAR,PERIODWIDTH,MINIMUM,MAXIMUM,MINWEIGHT,MAXWEIGHT,CURRENT,SUMMARY
product.Yield.managed.CW,0,0,10.0,0.0,10000.0,1.0,1.0,0.0,0.0
product.Yield.managed.CW,1,10,10.0,0.0,10000.0,1.0,1.0,4153.97998046875,0.0
product.Yield.managed.CW,2,20,10.0,0.0,10000.0,1.0,1.0,15252.689453125,0.0
product.Yield.managed.CW,3,30,10.0,0.0,10000.0,1.0,1.0,18916.32421875,0.0
product.Yield.managed.CW,4,40,10.0,0.0,10000.0,1.0,1.0,18104.703125,0.0
product.Yield.managed.CW,5,50,10.0,0.0,10000.0,1.0,1.0,16825.607421875,0.0
product.Yield.managed.CW,6,60,10.0,0.0,10000.0,1.0,1.0,16627.400390625,0.0
product.Yield.managed.CW,7,70,10.0,0.0,10000.0,1.0,1.0,16499.51953125,0.0
product.Yield.managed.CW,8,80,10.0,0.0,10000.0,1.0,1.0,16938.9453125,0.0
product.Yield.managed.CW,9,90,10.0,0.0,10000.0,1.0,1.0,21909.171875,0.0
product.Yield.managed.CW,10,100,10.0,0.0,10000.0,1.0,1.0,22514.55859375,0.0
product.Yield.managed.CW,11,110,10.0,0.0,10000.0,1.0,1.0,24322.2109375,0.0
product.Yield.managed.CW,12,120,10.0,0.0,10000.0,1.0,1.0,23408.970703125,0.0
product.Yield.managed.CW,13,130,10.0,0.0,10000.0,1.0,1.0,22443.736328125,0.0
product.Yield.managed.CW,14,140,10.0,0.0,10000.0,1.0,1.0,21899.123046875,0.0
product.Yield.managed.CW,15,150,10.0,0.0,10000.0,1.0,1.0,20633.7890625,0.0
product.Yield.managed.CW,16,160,10.0,0.0,10000.0,1.0,1.0,24154.4375,0.0
product.Yield.managed.CW,17,170,10.0,0.0,10000.0,1.0,1.0,22432.451171875,0.0
product.Yield.managed.CW,18,180,10.0,0.0,10000.0,1.0,1.0,24535.810546875,0.0
product.Yield.managed.CW,19,190,10.0,0.0,10000.0,1.0,1.0,23709.74609375,0.0
product.Yield.managed.CW,20,200,10.0,0.0,10000.0,1.0,1.0,21512.6484375,0.0
product.Yield.managed.CW,21,210,10.0,0.0,10000.0,1.0,1.0,21754.896484375,0.0
product.Yield.managed.CW,22,220,10.0,0.0,10000.0,1.0,1.0,22855.326171875,0.0
product.Yield.managed.CW,23,230,10.0,0.0,10000.0,1.0,1.0,22449.23828125,0.0
product.Yield.managed.CW,24,240,10.0,0.0,10000.0,1.0,1.0,21474.927734375,0.0
product.Yield.managed.CW,25,250,10.0,0.0,10000.0,1.0,1.0,23232.189453125,0.0
product.Yield.managed.CW,26,260,10.0,0.0,10000.0,1.0,1.0,24078.47265625,0.0
product.Yield.managed.CW,27,270,10.0,0.0,10000.0,1.0,1.0,22902.923828125,0.0
product.Yield.managed.CW,28,280,10.0,0.0,10000.0,1.0,1.0,22971.416015625,0.0
product.Yield.managed.CW,29,290,10.0,0.0,10000.0,1.0,1.0,21352.3828125,0.0
product.Yield.managed.CW,30,300,10.0,0.0,10000.0,1.0,1.0,21349.232421875,0.0
