TARGET,PERIOD,YEAR,PERIODWIDTH,MINIMUM,MAXIMUM,MINWEIGHT,MAXWEIGHT,CURRENT,SUMMARY
feature.Seral.overmature,0,0,10.0,0.0,10000.0,1.0,1.0,427.95098876953125,0.0
feature.Seral.overmature,1,10,10.0,0.0,10000.0,1.0,1.0,401.6700134277344,0.0
feature.Seral.overmature,2,20,10.0,0.0,10000.0,1.0,1.0,419.79998779296875,0.0
feature.Seral.overmature,3,30,10.0,0.0,10000.0,1.0,1.0,443.1199951171875,0.0
feature.Seral.overmature,4,40,10.0,0.0,10000.0,1.0,1.0,661.583984375,0.0
feature.Seral.overmature,5,50,10.0,0.0,10000.0,1.0,1.0,846.5289916992188,0.0
feature.Seral.overmature,6,60,10.0,0.0,10000.0,1.0,1.0,777.1510009765625,0.0
feature.Seral.overmature,7,70,10.0,0.0,10000.0,1.0,1.0,735.2020263671875,0.0
feature.Seral.overmature,8,80,10.0,0.0,10000.0,1.0,1.0,672.4970092773438,0.0
feature.Seral.overmature,9,90,10.0,0.0,10000.0,1.0,1.0,663.3770141601562,0.0
feature.Seral.overmature,10,100,10.0,0.0,10000.0,1.0,1.0,680.7249755859375,0.0
feature.Seral.overmature,11,110,10.0,0.0,10000.0,1.0,1.0,768.1840209960938,0.0
feature.Seral.overmature,12,120,10.0,0.0,10000.0,1.0,1.0,771.9730224609375,0.0
feature.Seral.overmature,13,130,10.0,0.0,10000.0,1.0,1.0,692.3729858398438,0.0
feature.Seral.overmature,14,140,10.0,0.0,10000.0,1.0,1.0,661.2310180664062,0.0
feature.Seral.overmature,15,150,10.0,0.0,10000.0,1.0,1.0,630.6599731445312,0.0
feature.Seral.overmature,16,160,10.0,0.0,10000.0,1.0,1.0,603.2620239257812,0.0
feature.Seral.overmature,17,170,10.0,0.0,10000.0,1.0,1.0,588.2830200195312,0.0
feature.Seral.overmature,18,180,10.0,0.0,10000.0,1.0,1.0,594.1160278320312,0.0
feature.Seral.overmature,19,190,10.0,0.0,10000.0,1.0,1.0,593.7130126953125,0.0
feature.Seral.overmature,20,200,10.0,0.0,10000.0,1.0,1.0,593.7130126953125,0.0
feature.Seral.overmature,21,210,10.0,0.0,10000.0,1.0,1.0,605.47802734375,0.0
feature.Seral.overmature,22,220,10.0,0.0,10000.0,1.0,1.0,557.8200073242188,0.0
feature.Seral.overmature,23,230,10.0,0.0,10000.0,1.0,1.0,585.926025390625,0.0
feature.Seral.overmature,24,240,10.0,0.0,10000.0,1.0,1.0,595.3259887695312,0.0
feature.Seral.overmature,25,250,10.0,0.0,10000.0,1.0,1.0,611.68701171875,0.0
feature.Seral.overmature,26,260,10.0,0.0,10000.0,1.0,1.0,600.7249755859375,0.0
feature.Seral.overmature,27,270,10.0,0.0,10000.0,1.0,1.0,632.052001953125,0.0
feature.Seral.overmature,28,280,10.0,0.0,10000.0,1.0,1.0,663.77001953125,0.0
feature.Seral.overmature,29,290,10.0,0.0,10000.0,1.0,1.0,754.656005859375,0.0
feature.Seral.overmature,30,300,10.0,0.0,10000.0,1.0,1.0,749.333984375,0.0
