TARGET,PERIOD,YEAR,PERIODWIDTH,MINIMUM,MAXIMUM,MINWEIGHT,MAXWEIGHT,CURRENT,SUMMARY
feature.Yield.managed.CW,0,0,10.0,0.0,10000.0,1.0,1.0,84855.7890625,0.0
feature.Yield.managed.CW,1,10,10.0,0.0,10000.0,1.0,1.0,99839.28125,0.0
feature.Yield.managed.CW,2,20,10.0,0.0,10000.0,1.0,1.0,113306.9765625,0.0
feature.Yield.managed.CW,3,30,10.0,0.0,10000.0,1.0,1.0,119164.2109375,0.0
feature.Yield.managed.CW,4,40,10.0,0.0,10000.0,1.0,1.0,119894.0234375,0.0
feature.Yield.managed.CW,5,50,10.0,0.0,10000.0,1.0,1.0,121247.4609375,0.0
feature.Yield.managed.CW,6,60,10.0,0.0,10000.0,1.0,1.0,124203.7421875,0.0
feature.Yield.managed.CW,7,70,10.0,0.0,10000.0,1.0,1.0,128269.5546875,0.0
feature.Yield.managed.CW,8,80,10.0,0.0,10000.0,1.0,1.0,134050.046875,0.0
feature.Yield.managed.CW,9,90,10.0,0.0,10000.0,1.0,1.0,140015.953125,0.0
feature.Yield.managed.CW,10,100,10.0,0.0,10000.0,1.0,1.0,140751.828125,0.0
feature.Yield.managed.CW,11,110,10.0,0.0,10000.0,1.0,1.0,137516.421875,0.0
feature.Yield.managed.CW,12,120,10.0,0.0,10000.0,1.0,1.0,136695.53125,0.0
feature.Yield.managed.CW,13,130,10.0,0.0,10000.0,1.0,1.0,137645.671875,0.0
feature.Yield.managed.CW,14,140,10.0,0.0,10000.0,1.0,1.0,137196.984375,0.0
feature.Yield.managed.CW,15,150,10.0,0.0,10000.0,1.0,1.0,143168.75,0.0
feature.Yield.managed.CW,16,160,10.0,0.0,10000.0,1.0,1.0,138816.578125,0.0
feature.Yield.managed.CW,17,170,10.0,0.0,10000.0,1.0,1.0,138695.875,0.0
feature.Yield.managed.CW,18,180,10.0,0.0,10000.0,1.0,1.0,134133.734375,0.0
feature.Yield.managed.CW,19,190,10.0,0.0,10000.0,1.0,1.0,132264.921875,0.0
feature.Yield.managed.CW,20,200,10.0,0.0,10000.0,1.0,1.0,135209.296875,0.0
feature.Yield.managed.CW,21,210,10.0,0.0,10000.0,1.0,1.0,135394.65625,0.0
feature.Yield.managed.CW,22,220,10.0,0.0,10000.0,1.0,1.0,138971.140625,0.0
feature.Yield.managed.CW,23,230,10.0,0.0,10000.0,1.0,1.0,132091.578125,0.0
feature.Yield.managed.CW,24,240,10.0,0.0,10000.0,1.0,1.0,128193.953125,0.0
feature.Yield.managed.CW,25,250,10.0,0.0,10000.0,1.0,1.0,124858.7578125,0.0
feature.Yield.managed.CW,26,260,10.0,0.0,10000.0,1.0,1.0,122972.5078125,0.0
feature.Yield.managed.CW,27,270,10.0,0.0,10000.0,1.0,1.0,114976.96875,0.0
feature.Yield.managed.CW,28,280,10.0,0.0,10000.0,1.0,1.0,111558.90625,0.0
feature.Yield.managed.CW,29,290,10.0,0.0,10000.0,1.0,1.0,100810.1171875,0.0
feature.Yield.managed.CW,30,300,10.0,0.0,10000.0,1.0,1.0,96043.3125,0.0
