TARGET,PERIOD,YEAR,PERIODWIDTH,MINIMUM,MAXIMUM,MINWEIGHT,MAXWEIGHT,CURRENT,SUMMARY
feature.Seral.young,0,0,10.0,0.0,10000.0,1.0,1.0,0.0,0.0
feature.Seral.young,1,10,10.0,0.0,10000.0,1.0,1.0,109.08999633789062,0.0
feature.Seral.young,2,20,10.0,0.0,10000.0,1.0,1.0,153.76300048828125,0.0
feature.Seral.young,3,30,10.0,0.0,10000.0,1.0,1.0,68.65899658203125,0.0
feature.Seral.young,4,40,10.0,0.0,10000.0,1.0,1.0,28.625,0.0
feature.Seral.young,5,50,10.0,0.0,10000.0,1.0,1.0,108.53900146484375,0.0
feature.Seral.young,6,60,10.0,0.0,10000.0,1.0,1.0,84.58100128173828,0.0
feature.Seral.young,7,70,10.0,0.0,10000.0,1.0,1.0,88.68699645996094,0.0
feature.Seral.young,8,80,10.0,0.0,10000.0,1.0,1.0,184.27000427246094,0.0
feature.Seral.young,9,90,10.0,0.0,10000.0,1.0,1.0,221.7790069580078,0.0
feature.Seral.young,10,100,10.0,0.0,10000.0,1.0,1.0,134.2429962158203,0.0
feature.Seral.young,11,110,10.0,0.0,10000.0,1.0,1.0,119.42900085449219,0.0
feature.Seral.young,12,120,10.0,0.0,10000.0,1.0,1.0,61.74399948120117,0.0
feature.Seral.young,13,130,10.0,0.0,10000.0,1.0,1.0,62.42100143432617,0.0
feature.Seral.young,14,140,10.0,0.0,10000.0,1.0,1.0,157.58999633789062,0.0
feature.Seral.young,15,150,10.0,0.0,10000.0,1.0,1.0,168.5970001220703,0.0
feature.Seral.young,16,160,10.0,0.0,10000.0,1.0,1.0,92.25700378417969,0.0
feature.Seral.young,17,170,10.0,0.0,10000.0,1.0,1.0,98.08999633789062,0.0
feature.Seral.young,18,180,10.0,0.0,10000.0,1.0,1.0,122.95500183105469,0.0
feature.Seral.young,19,190,10.0,0.0,10000.0,1.0,1.0,105.44599914550781,0.0
feature.Seral.young,20,200,10.0,0.0,10000.0,1.0,1.0,106.02300262451172,0.0
feature.Seral.young,21,210,10.0,0.0,10000.0,1.0,1.0,168.1820068359375,0.0
feature.Seral.young,22,220,10.0,0.0,10000.0,1.0,1.0,157.968994140625,0.0
feature.Seral.young,23,230,10.0,0.0,10000.0,1.0,1.0,139.38999938964844,0.0
feature.Seral.young,24,240,10.0,0.0,10000.0,1.0,1.0,172.69500732421875,0.0
feature.Seral.young,25,250,10.0,0.0,10000.0,1.0,1.0,192.7760009765625,0.0
feature.Seral.young,26,260,10.0,0.0,10000.0,1.0,1.0,237.9499969482422,0.0
feature.Seral.young,27,270,10.0,0.0,10000.0,1.0,1.0,221.64999389648438,0.0
feature.Seral.young,28,280,10.0,0.0,10000.0,1.0,1.0,205.49400329589844,0.0
feature.Seral.young,29,290,10.0,0.0,10000.0,1.0,1.0,245.71800231933594,0.0
feature.Seral.young,30,300,10.0,0.0,10000.0,1.0,1.0,260.47100830078125,0.0
