TARGET,PERIOD,YEAR,PERIODWIDTH,MINIMUM,MAXIMUM,MINWEIGHT,MAXWEIGHT,CURRENT,SUMMARY
feature.Yield.managed.HW,0,0,10.0,0.0,10000.0,1.0,1.0,422807.8125,0.0
feature.Yield.managed.HW,1,10,10.0,0.0,10000.0,1.0,1.0,414324.09375,0.0
feature.Yield.managed.HW,2,20,10.0,0.0,10000.0,1.0,1.0,405918.78125,0.0
feature.Yield.managed.HW,3,30,10.0,0.0,10000.0,1.0,1.0,391880.4375,0.0
feature.Yield.managed.HW,4,40,10.0,0.0,10000.0,1.0,1.0,385019.21875,0.0
feature.Yield.managed.HW,5,50,10.0,0.0,10000.0,1.0,1.0,358029.84375,0.0
feature.Yield.managed.HW,6,60,10.0,0.0,10000.0,1.0,1.0,345202.59375,0.0
feature.Yield.managed.HW,7,70,10.0,0.0,10000.0,1.0,1.0,313417.3125,0.0
feature.Yield.managed.HW,8,80,10.0,0.0,10000.0,1.0,1.0,295915.34375,0.0
feature.Yield.managed.HW,9,90,10.0,0.0,10000.0,1.0,1.0,267785.71875,0.0
feature.Yield.managed.HW,10,100,10.0,0.0,10000.0,1.0,1.0,255212.015625,0.0
feature.Yield.managed.HW,11,110,10.0,0.0,10000.0,1.0,1.0,263375.6875,0.0
feature.Yield.managed.HW,12,120,10.0,0.0,10000.0,1.0,1.0,260678.84375,0.0
feature.Yield.managed.HW,13,130,10.0,0.0,10000.0,1.0,1.0,263473.8125,0.0
feature.Yield.managed.HW,14,140,10.0,0.0,10000.0,1.0,1.0,264157.5625,0.0
feature.Yield.managed.HW,15,150,10.0,0.0,10000.0,1.0,1.0,261737.78125,0.0
feature.Yield.managed.HW,16,160,10.0,0.0,10000.0,1.0,1.0,275577.09375,0.0
feature.Yield.managed.HW,17,170,10.0,0.0,10000.0,1.0,1.0,271899.03125,0.0
feature.Yield.managed.HW,18,180,10.0,0.0,10000.0,1.0,1.0,277670.90625,0.0
feature.Yield.managed.HW,19,190,10.0,0.0,10000.0,1.0,1.0,285865.09375,0.0
feature.Yield.managed.HW,20,200,10.0,0.0,10000.0,1.0,1.0,265035.6875,0.0
feature.Yield.managed.HW,21,210,10.0,0.0,10000.0,1.0,1.0,262023.609375,0.0
feature.Yield.managed.HW,22,220,10.0,0.0,10000.0,1.0,1.0,267519.4375,0.0
feature.Yield.managed.HW,23,230,10.0,0.0,10000.0,1.0,1.0,270742.84375,0.0
feature.Yield.managed.HW,24,240,10.0,0.0,10000.0,1.0,1.0,254379.59375,0.0
feature.Yield.managed.HW,25,250,10.0,0.0,10000.0,1.0,1.0,249534.953125,0.0
feature.Yield.managed.HW,26,260,10.0,0.0,10000.0,1.0,1.0,254670.859375,0.0
feature.Yield.managed.HW,27,270,10.0,0.0,10000.0,1.0,1.0,270173.03125,0.0
feature.Yield.managed.HW,28,280,10.0,0.0,10000.0,1.0,1.0,264104.5,0.0
feature.Yield.managed.HW,29,290,10.0,0.0,10000.0,1.0,1.0,271090.5,0.0
feature.Yield.managed.HW,30,300,10.0,0.0,10000.0,1.0,1.0,283380.03125,0.0
