TARGET,PERIOD,YEAR,PERIODWIDTH,MINIMUM,MAXIMUM,MINWEIGHT,MAXWEIGHT,CURRENT,SUMMARY
feature.Yield.managed.HW,0,0,10.0,0.0,10000.0,1.0,1.0,422807.8125,0.0
feature.Yield.managed.HW,1,10,10.0,0.0,10000.0,1.0,1.0,414202.25,0.0
feature.Yield.managed.HW,2,20,10.0,0.0,10000.0,1.0,1.0,402830.9375,0.0
feature.Yield.managed.HW,3,30,10.0,0.0,10000.0,1.0,1.0,406594.46875,0.0
feature.Yield.managed.HW,4,40,10.0,0.0,10000.0,1.0,1.0,403583.34375,0.0
feature.Yield.managed.HW,5,50,10.0,0.0,10000.0,1.0,1.0,370098.59375,0.0
feature.Yield.managed.HW,6,60,10.0,0.0,10000.0,1.0,1.0,345404.25,0.0
feature.Yield.managed.HW,7,70,10.0,0.0,10000.0,1.0,1.0,319659.96875,0.0
feature.Yield.managed.HW,8,80,10.0,0.0,10000.0,1.0,1.0,289329.0,0.0
feature.Yield.managed.HW,9,90,10.0,0.0,10000.0,1.0,1.0,268431.375,0.0
feature.Yield.managed.HW,10,100,10.0,0.0,10000.0,1.0,1.0,257588.71875,0.0
feature.Yield.managed.HW,11,110,10.0,0.0,10000.0,1.0,1.0,252487.09375,0.0
feature.Yield.managed.HW,12,120,10.0,0.0,10000.0,1.0,1.0,247575.3125,0.0
feature.Yield.managed.HW,13,130,10.0,0.0,10000.0,1.0,1.0,257259.5625,0.0
feature.Yield.managed.HW,14,140,10.0,0.0,10000.0,1.0,1.0,236750.828125,0.0
feature.Yield.managed.HW,15,150,10.0,0.0,10000.0,1.0,1.0,234513.359375,0.0
feature.Yield.managed.HW,16,160,10.0,0.0,10000.0,1.0,1.0,238435.125,0.0
feature.Yield.managed.HW,17,170,10.0,0.0,10000.0,1.0,1.0,234299.515625,0.0
feature.Yield.managed.HW,18,180,10.0,0.0,10000.0,1.0,1.0,246730.015625,0.0
feature.Yield.managed.HW,19,190,10.0,0.0,10000.0,1.0,1.0,259177.28125,0.0
feature.Yield.managed.HW,20,200,10.0,0.0,10000.0,1.0,1.0,234847.5625,0.0
feature.Yield.managed.HW,21,210,10.0,0.0,10000.0,1.0,1.0,234797.515625,0.0
feature.Yield.managed.HW,22,220,10.0,0.0,10000.0,1.0,1.0,233139.09375,0.0
feature.Yield.managed.HW,23,230,10.0,0.0,10000.0,1.0,1.0,222432.734375,0.0
feature.Yield.managed.HW,24,240,10.0,0.0,10000.0,1.0,1.0,210466.140625,0.0
feature.Yield.managed.HW,25,250,10.0,0.0,10000.0,1.0,1.0,224041.609375,0.0
feature.Yield.managed.HW,26,260,10.0,0.0,10000.0,1.0,1.0,205994.9375,0.0
feature.Yield.managed.HW,27,270,10.0,0.0,10000.0,1.0,1.0,232887.8125,0.0
feature.Yield.managed.HW,28,280,10.0,0.0,10000.0,1.0,1.0,242176.90625,0.0
feature.Yield.managed.HW,29,290,10.0,0.0,10000.0,1.0,1.0,253701.921875,0.0
feature.Yield.managed.HW,30,300,10.0,0.0,10000.0,1.0,1.0,282713.375,0.0
