TARGET,PERIOD,YEAR,PERIODWIDTH,MINIMUM,MAXIMUM,MINWEIGHT,MAXWEIGHT,CURRENT,SUMMARY
feature.Yield.managed.FDC,0,0,10.0,0.0,10000.0,1.0,1.0,185051.84375,0.0
feature.Yield.managed.FDC,1,10,10.0,0.0,10000.0,1.0,1.0,209514.890625,0.0
feature.Yield.managed.FDC,2,20,10.0,0.0,10000.0,1.0,1.0,228817.484375,0.0
feature.Yield.managed.FDC,3,30,10.0,0.0,10000.0,1.0,1.0,228427.421875,0.0
feature.Yield.managed.FDC,4,40,10.0,0.0,10000.0,1.0,1.0,217786.015625,0.0
feature.Yield.managed.FDC,5,50,10.0,0.0,10000.0,1.0,1.0,215308.328125,0.0
feature.Yield.managed.FDC,6,60,10.0,0.0,10000.0,1.0,1.0,208123.515625,0.0
feature.Yield.managed.FDC,7,70,10.0,0.0,10000.0,1.0,1.0,211923.578125,0.0
feature.Yield.managed.FDC,8,80,10.0,0.0,10000.0,1.0,1.0,223229.421875,0.0
feature.Yield.managed.FDC,9,90,10.0,0.0,10000.0,1.0,1.0,231234.03125,0.0
feature.Yield.managed.FDC,10,100,10.0,0.0,10000.0,1.0,1.0,235160.859375,0.0
feature.Yield.managed.FDC,11,110,10.0,0.0,10000.0,1.0,1.0,235873.671875,0.0
feature.Yield.managed.FDC,12,120,10.0,0.0,10000.0,1.0,1.0,231198.0,0.0
feature.Yield.managed.FDC,13,130,10.0,0.0,10000.0,1.0,1.0,214895.625,0.0
feature.Yield.managed.FDC,14,140,10.0,0.0,10000.0,1.0,1.0,227950.21875,0.0
feature.Yield.managed.FDC,15,150,10.0,0.0,10000.0,1.0,1.0,222405.34375,0.0
feature.Yield.managed.FDC,16,160,10.0,0.0,10000.0,1.0,1.0,222388.9375,0.0
feature.Yield.managed.FDC,17,170,10.0,0.0,10000.0,1.0,1.0,226663.65625,0.0
feature.Yield.managed.FDC,18,180,10.0,0.0,10000.0,1.0,1.0,217235.15625,0.0
feature.Yield.managed.FDC,19,190,10.0,0.0,10000.0,1.0,1.0,207859.546875,0.0
feature.Yield.managed.FDC,20,200,10.0,0.0,10000.0,1.0,1.0,230478.578125,0.0
feature.Yield.managed.FDC,21,210,10.0,0.0,10000.0,1.0,1.0,231020.8125,0.0
feature.Yield.managed.FDC,22,220,10.0,0.0,10000.0,1.0,1.0,226958.859375,0.0
feature.Yield.managed.FDC,23,230,10.0,0.0,10000.0,1.0,1.0,239414.84375,0.0
feature.Yield.managed.FDC,24,240,10.0,0.0,10000.0,1.0,1.0,253390.6875,0.0
feature.Yield.managed.FDC,25,250,10.0,0.0,10000.0,1.0,1.0,237194.75,0.0
feature.Yield.managed.FDC,26,260,10.0,0.0,10000.0,1.0,1.0,246779.796875,0.0
feature.Yield.managed.FDC,27,270,10.0,0.0,10000.0,1.0,1.0,222490.125,0.0
feature.Yield.managed.FDC,28,280,10.0,0.0,10000.0,1.0,1.0,206833.875,0.0
feature.Yield.managed.FDC,29,290,10.0,0.0,10000.0,1.0,1.0,201721.71875,0.0
feature.Yield.managed.FDC,30,300,10.0,0.0,10000.0,1.0,1.0,176555.09375,0.0
