TARGET,PERIOD,YEAR,PERIODWIDTH,MINIMUM,MAXIMUM,MINWEIGHT,MAXWEIGHT,CURRENT,SUMMARY
patch.harvested.10_20.size,0,0,10.0,0.0,100.0,1.0,1.0,0.0,0.0
patch.harvested.10_20.size,1,10,10.0,0.0,100.0,1.0,1.0,0.0,0.0
patch.harvested.10_20.size,2,20,10.0,0.0,100.0,1.0,1.0,26.0532169342041,0.0
patch.harvested.10_20.size,3,30,10.0,0.0,100.0,1.0,1.0,0.0,0.0
patch.harvested.10_20.size,4,40,10.0,0.0,100.0,1.0,1.0,10.932412147521973,0.0
patch.harvested.10_20.size,5,50,10.0,0.0,100.0,1.0,1.0,18.908090591430664,0.0
patch.harvested.10_20.size,6,60,10.0,0.0,100.0,1.0,1.0,25.586410522460938,0.0
patch.harvested.10_20.size,7,70,10.0,0.0,100.0,1.0,1.0,21.514625549316406,0.0
patch.harvested.10_20.size,8,80,10.0,0.0,100.0,1.0,1.0,32.183406829833984,0.0
patch.harvested.10_20.size,9,90,10.0,0.0,100.0,1.0,1.0,16.46968650817871,0.0
patch.harvested.10_20.size,10,100,10.0,0.0,100.0,1.0,1.0,25.79331398010254,0.0
patch.harvested.10_20.size,11,110,10.0,0.0,100.0,1.0,1.0,32.437808990478516,0.0
patch.harvested.10_20.size,12,120,10.0,0.0,100.0,1.0,1.0,42.23835754394531,0.0
patch.harvested.10_20.size,13,130,10.0,0.0,100.0,1.0,1.0,16.30393409729004,0.0
patch.harvested.10_20.size,14,140,10.0,0.0,100.0,1.0,1.0,57.39263153076172,0.0
patch.harvested.10_20.size,15,150,10.0,0.0,100.0,1.0,1.0,16.79844093322754,0.0
patch.harvested.10_20.size,16,160,10.0,0.0,100.0,1.0,1.0,11.757002830505371,0.0
patch.harvested.10_20.size,17,170,10.0,0.0,100.0,1.0,1.0,25.957775115966797,0.0
patch.harvested.10_20.size,18,180,10.0,0.0,100.0,1.0,1.0,0.0,0.0
patch.harvested.10_20.size,19,190,10.0,0.0,100.0,1.0,1.0,55.20637893676758,0.0
patch.harvested.10_20.size,20,200,10.0,0.0,100.0,1.0,1.0,11.359085083007812,0.0
patch.harvested.10_20.size,21,210,10.0,0.0,100.0,1.0,1.0,0.0,0.0
patch.harvested.10_20.size,22,220,10.0,0.0,100.0,1.0,1.0,0.0,0.0
patch.harvested.10_20.size,23,230,10.0,0.0,100.0,1.0,1.0,10.465888023376465,0.0
patch.harvested.10_20.size,24,240,10.0,0.0,100.0,1.0,1.0,40.65144348144531,0.0
patch.harvested.10_20.size,25,250,10.0,0.0,100.0,1.0,1.0,48.05685043334961,0.0
patch.harvested.10_20.size,26,260,10.0,0.0,100.0,1.0,1.0,48.731449127197266,0.0
patch.harvested.10_20.size,27,270,10.0,0.0,100.0,1.0,1.0,0.0,0.0
patch.harvested.10_20.size,28,280,10.0,0.0,100.0,1.0,1.0,10.270425796508789,0.0
patch.harvested.10_20.size,29,290,10.0,0.0,100.0,1.0,1.0,10.741585731506348,0.0
patch.harvested.10_20.size,30,300,10.0,0.0,100.0,1.0,1.0,26.167570114135742,0.0
