TARGET,PERIOD,YEAR,PERIODWIDTH,MINIMUM,MAXIMUM,MINWEIGHT,MAXWEIGHT,CURRENT,SUMMARY
patch.harvested.0_10.shape,0,0,10.0,0.0,100.0,1.0,1.0,0.0,100.0
patch.harvested.0_10.shape,1,10,10.0,0.0,100.0,1.0,1.0,1.9792499542236328,100.0
patch.harvested.0_10.shape,2,20,10.0,0.0,100.0,1.0,1.0,1.2669999599456787,100.0
patch.harvested.0_10.shape,3,30,10.0,0.0,100.0,1.0,1.0,1.7970000505447388,100.0
patch.harvested.0_10.shape,4,40,10.0,0.0,100.0,1.0,1.0,2.6029999256134033,100.0
patch.harvested.0_10.shape,5,50,10.0,0.0,100.0,1.0,1.0,1.3489999771118164,100.0
patch.harvested.0_10.shape,6,60,10.0,0.0,100.0,1.0,1.0,0.0,100.0
patch.harvested.0_10.shape,7,70,10.0,0.0,100.0,1.0,1.0,0.0,100.0
patch.harvested.0_10.shape,8,80,10.0,0.0,100.0,1.0,1.0,1.6744999885559082,100.0
patch.harvested.0_10.shape,9,90,10.0,0.0,100.0,1.0,1.0,1.7139999866485596,100.0
patch.harvested.0_10.shape,10,100,10.0,0.0,100.0,1.0,1.0,1.2669999599456787,100.0
patch.harvested.0_10.shape,11,110,10.0,0.0,100.0,1.0,1.0,0.0,100.0
patch.harvested.0_10.shape,12,120,10.0,0.0,100.0,1.0,1.0,1.565000057220459,100.0
patch.harvested.0_10.shape,13,130,10.0,0.0,100.0,1.0,1.0,1.787833333015442,100.0
patch.harvested.0_10.shape,14,140,10.0,0.0,100.0,1.0,1.0,1.9539999961853027,100.0
patch.harvested.0_10.shape,15,150,10.0,0.0,100.0,1.0,1.0,2.7230000495910645,100.0
patch.harvested.0_10.shape,16,160,10.0,0.0,100.0,1.0,1.0,0.0,100.0
patch.harvested.0_10.shape,17,170,10.0,0.0,100.0,1.0,1.0,1.2669999599456787,100.0
patch.harvested.0_10.shape,18,180,10.0,0.0,100.0,1.0,1.0,2.0829999446868896,100.0
patch.harvested.0_10.shape,19,190,10.0,0.0,100.0,1.0,1.0,0.0,100.0
patch.harvested.0_10.shape,20,200,10.0,0.0,100.0,1.0,1.0,1.6430000066757202,100.0
patch.harvested.0_10.shape,21,210,10.0,0.0,100.0,1.0,1.0,2.744999885559082,100.0
patch.harvested.0_10.shape,22,220,10.0,0.0,100.0,1.0,1.0,2.1029999256134033,100.0
patch.harvested.0_10.shape,23,230,10.0,0.0,100.0,1.0,1.0,1.8380000591278076,100.0
patch.harvested.0_10.shape,24,240,10.0,0.0,100.0,1.0,1.0,0.0,100.0
patch.harvested.0_10.shape,25,250,10.0,0.0,100.0,1.0,1.0,0.0,100.0
patch.harvested.0_10.shape,26,260,10.0,0.0,100.0,1.0,1.0,0.0,100.0
patch.harvested.0_10.shape,27,270,10.0,0.0,100.0,1.0,1.0,2.7744998931884766,100.0
patch.harvested.0_10.shape,28,280,10.0,0.0,100.0,1.0,1.0,1.5080000162124634,100.0
patch.harvested.0_10.shape,29,290,10.0,0.0,100.0,1.0,1.0,1.9709999561309814,100.0
patch.harvested.0_10.shape,30,300,10.0,0.0,100.0,1.0,1.0,0.0,100.0
