TARGET,PERIOD,YEAR,PERIODWIDTH,MINIMUM,MAXIMUM,MINWEIGHT,MAXWEIGHT,CURRENT,SUMMARY
patch.harvested.0_10.shape,0,0,10.0,0.0,100.0,1.0,1.0,0.0,100.0
patch.harvested.0_10.shape,1,10,10.0,0.0,100.0,1.0,1.0,1.5449999570846558,100.0
patch.harvested.0_10.shape,2,20,10.0,0.0,100.0,1.0,1.0,2.0859999656677246,100.0
patch.harvested.0_10.shape,3,30,10.0,0.0,100.0,1.0,1.0,1.902500033378601,100.0
patch.harvested.0_10.shape,4,40,10.0,0.0,100.0,1.0,1.0,1.4859999418258667,100.0
patch.harvested.0_10.shape,5,50,10.0,0.0,100.0,1.0,1.0,2.5490000247955322,100.0
patch.harvested.0_10.shape,6,60,10.0,0.0,100.0,1.0,1.0,1.965000033378601,100.0
patch.harvested.0_10.shape,7,70,10.0,0.0,100.0,1.0,1.0,1.4038000106811523,100.0
patch.harvested.0_10.shape,8,80,10.0,0.0,100.0,1.0,1.0,1.4639999866485596,100.0
patch.harvested.0_10.shape,9,90,10.0,0.0,100.0,1.0,1.0,2.444999933242798,100.0
patch.harvested.0_10.shape,10,100,10.0,0.0,100.0,1.0,1.0,2.1029999256134033,100.0
patch.harvested.0_10.shape,11,110,10.0,0.0,100.0,1.0,1.0,0.0,100.0
patch.harvested.0_10.shape,12,120,10.0,0.0,100.0,1.0,1.0,2.2269999980926514,100.0
patch.harvested.0_10.shape,13,130,10.0,0.0,100.0,1.0,1.0,1.6265000104904175,100.0
patch.harvested.0_10.shape,14,140,10.0,0.0,100.0,1.0,1.0,2.1635000705718994,100.0
patch.harvested.0_10.shape,15,150,10.0,0.0,100.0,1.0,1.0,0.0,100.0
patch.harvested.0_10.shape,16,160,10.0,0.0,100.0,1.0,1.0,2.002000093460083,100.0
patch.harvested.0_10.shape,17,170,10.0,0.0,100.0,1.0,1.0,1.2610000371932983,100.0
patch.harvested.0_10.shape,18,180,10.0,0.0,100.0,1.0,1.0,0.0,100.0
patch.harvested.0_10.shape,19,190,10.0,0.0,100.0,1.0,1.0,1.878999948501587,100.0
patch.harvested.0_10.shape,20,200,10.0,0.0,100.0,1.0,1.0,1.78125,100.0
patch.harvested.0_10.shape,21,210,10.0,0.0,100.0,1.0,1.0,0.0,100.0
patch.harvested.0_10.shape,22,220,10.0,0.0,100.0,1.0,1.0,0.0,100.0
patch.harvested.0_10.shape,23,230,10.0,0.0,100.0,1.0,1.0,1.843000054359436,100.0
patch.harvested.0_10.shape,24,240,10.0,0.0,100.0,1.0,1.0,1.409999966621399,100.0
patch.harvested.0_10.shape,25,250,10.0,0.0,100.0,1.0,1.0,2.2149999141693115,100.0
patch.harvested.0_10.shape,26,260,10.0,0.0,100.0,1.0,1.0,0.0,100.0
patch.harvested.0_10.shape,27,270,10.0,0.0,100.0,1.0,1.0,0.0,100.0
patch.harvested.0_10.shape,28,280,10.0,0.0,100.0,1.0,1.0,2.6029999256134033,100.0
patch.harvested.0_10.shape,29,290,10.0,0.0,100.0,1.0,1.0,1.7200000286102295,100.0
patch.harvested.0_10.shape,30,300,10.0,0.0,100.0,1.0,1.0,0.0,100.0
