TARGET,PERIOD,YEAR,PERIODWIDTH,MINIMUM,MAXIMUM,MINWEIGHT,MAXWEIGHT,CURRENT,SUMMARY
patch.harvested.0_10.size,0,0,10.0,0.0,100.0,1.0,1.0,0.0,0.0
patch.harvested.0_10.size,1,10,10.0,0.0,100.0,1.0,1.0,1.7414566278457642,0.0
patch.harvested.0_10.size,2,20,10.0,0.0,100.0,1.0,1.0,0.0,0.0
patch.harvested.0_10.size,3,30,10.0,0.0,100.0,1.0,1.0,12.612518310546875,0.0
patch.harvested.0_10.size,4,40,10.0,0.0,100.0,1.0,1.0,7.477808952331543,0.0
patch.harvested.0_10.size,5,50,10.0,0.0,100.0,1.0,1.0,13.19149398803711,0.0
patch.harvested.0_10.size,6,60,10.0,0.0,100.0,1.0,1.0,1.0801317691802979,0.0
patch.harvested.0_10.size,7,70,10.0,0.0,100.0,1.0,1.0,0.0,0.0
patch.harvested.0_10.size,8,80,10.0,0.0,100.0,1.0,1.0,11.770121574401855,0.0
patch.harvested.0_10.size,9,90,10.0,0.0,100.0,1.0,1.0,0.0,0.0
patch.harvested.0_10.size,10,100,10.0,0.0,100.0,1.0,1.0,0.0,0.0
patch.harvested.0_10.size,11,110,10.0,0.0,100.0,1.0,1.0,12.219921112060547,0.0
patch.harvested.0_10.size,12,120,10.0,0.0,100.0,1.0,1.0,4.09544038772583,0.0
patch.harvested.0_10.size,13,130,10.0,0.0,100.0,1.0,1.0,11.756693840026855,0.0
patch.harvested.0_10.size,14,140,10.0,0.0,100.0,1.0,1.0,19.77437400817871,0.0
patch.harvested.0_10.size,15,150,10.0,0.0,100.0,1.0,1.0,3.2701640129089355,0.0
patch.harvested.0_10.size,16,160,10.0,0.0,100.0,1.0,1.0,4.659220218658447,0.0
patch.harvested.0_10.size,17,170,10.0,0.0,100.0,1.0,1.0,0.0,0.0
patch.harvested.0_10.size,18,180,10.0,0.0,100.0,1.0,1.0,8.48221206665039,0.0
patch.harvested.0_10.size,19,190,10.0,0.0,100.0,1.0,1.0,1.4411014318466187,0.0
patch.harvested.0_10.size,20,200,10.0,0.0,100.0,1.0,1.0,0.0,0.0
patch.harvested.0_10.size,21,210,10.0,0.0,100.0,1.0,1.0,8.491605758666992,0.0
patch.harvested.0_10.size,22,220,10.0,0.0,100.0,1.0,1.0,8.084562301635742,0.0
patch.harvested.0_10.size,23,230,10.0,0.0,100.0,1.0,1.0,8.179886817932129,0.0
patch.harvested.0_10.size,24,240,10.0,0.0,100.0,1.0,1.0,5.375253677368164,0.0
patch.harvested.0_10.size,25,250,10.0,0.0,100.0,1.0,1.0,8.55502700805664,0.0
patch.harvested.0_10.size,26,260,10.0,0.0,100.0,1.0,1.0,5.088105201721191,0.0
patch.harvested.0_10.size,27,270,10.0,0.0,100.0,1.0,1.0,9.358625411987305,0.0
patch.harvested.0_10.size,28,280,10.0,0.0,100.0,1.0,1.0,5.228891372680664,0.0
patch.harvested.0_10.size,29,290,10.0,0.0,100.0,1.0,1.0,5.697630405426025,0.0
patch.harvested.0_10.size,30,300,10.0,0.0,100.0,1.0,1.0,12.090632438659668,0.0
