TARGET,PERIOD,YEAR,PERIODWIDTH,MINIMUM,MAXIMUM,MINWEIGHT,MAXWEIGHT,CURRENT,SUMMARY
patch.harvested.20_40.size,0,0,10.0,0.0,100.0,1.0,1.0,0.0,0.0
patch.harvested.20_40.size,1,10,10.0,0.0,100.0,1.0,1.0,75.82331085205078,0.0
patch.harvested.20_40.size,2,20,10.0,0.0,100.0,1.0,1.0,67.81285095214844,0.0
patch.harvested.20_40.size,3,30,10.0,0.0,100.0,1.0,1.0,90.82015991210938,0.0
patch.harvested.20_40.size,4,40,10.0,0.0,100.0,1.0,1.0,77.4933090209961,0.0
patch.harvested.20_40.size,5,50,10.0,0.0,100.0,1.0,1.0,76.91553497314453,0.0
patch.harvested.20_40.size,6,60,10.0,0.0,100.0,1.0,1.0,74.41358947753906,0.0
patch.harvested.20_40.size,7,70,10.0,0.0,100.0,1.0,1.0,78.4853744506836,0.0
patch.harvested.20_40.size,8,80,10.0,0.0,100.0,1.0,1.0,58.38410186767578,0.0
patch.harvested.20_40.size,9,90,10.0,0.0,100.0,1.0,1.0,77.25398254394531,0.0
patch.harvested.20_40.size,10,100,10.0,0.0,100.0,1.0,1.0,68.13394927978516,0.0
patch.harvested.20_40.size,11,110,10.0,0.0,100.0,1.0,1.0,67.56219482421875,0.0
patch.harvested.20_40.size,12,120,10.0,0.0,100.0,1.0,1.0,54.564300537109375,0.0
patch.harvested.20_40.size,13,130,10.0,0.0,100.0,1.0,1.0,0.0,0.0
patch.harvested.20_40.size,14,140,10.0,0.0,100.0,1.0,1.0,41.30424499511719,0.0
patch.harvested.20_40.size,15,150,10.0,0.0,100.0,1.0,1.0,61.398223876953125,0.0
patch.harvested.20_40.size,16,160,10.0,0.0,100.0,1.0,1.0,88.24299621582031,0.0
patch.harvested.20_40.size,17,170,10.0,0.0,100.0,1.0,1.0,67.29789733886719,0.0
patch.harvested.20_40.size,18,180,10.0,0.0,100.0,1.0,1.0,86.67916870117188,0.0
patch.harvested.20_40.size,19,190,10.0,0.0,100.0,1.0,1.0,44.79362106323242,0.0
patch.harvested.20_40.size,20,200,10.0,0.0,100.0,1.0,1.0,75.94673919677734,0.0
patch.harvested.20_40.size,21,210,10.0,0.0,100.0,1.0,1.0,87.37523651123047,0.0
patch.harvested.20_40.size,22,220,10.0,0.0,100.0,1.0,1.0,96.6267318725586,0.0
patch.harvested.20_40.size,23,230,10.0,0.0,100.0,1.0,1.0,82.58203125,0.0
patch.harvested.20_40.size,24,240,10.0,0.0,100.0,1.0,1.0,59.34855651855469,0.0
patch.harvested.20_40.size,25,250,10.0,0.0,100.0,1.0,1.0,51.94314956665039,0.0
patch.harvested.20_40.size,26,260,10.0,0.0,100.0,1.0,1.0,51.268550872802734,0.0
patch.harvested.20_40.size,27,270,10.0,0.0,100.0,1.0,1.0,86.49308013916016,0.0
patch.harvested.20_40.size,28,280,10.0,0.0,100.0,1.0,1.0,83.60779571533203,0.0
patch.harvested.20_40.size,29,290,10.0,0.0,100.0,1.0,1.0,84.16547393798828,0.0
patch.harvested.20_40.size,30,300,10.0,0.0,100.0,1.0,1.0,73.83242797851562,0.0
