TARGET,PERIOD,YEAR,PERIODWIDTH,MINIMUM,MAXIMUM,MINWEIGHT,MAXWEIGHT,CURRENT,SUMMARY
patch.harvested.10_20.size,0,0,10.0,0.0,100.0,1.0,1.0,0.0,0.0
patch.harvested.10_20.size,1,10,10.0,0.0,100.0,1.0,1.0,9.424407958984375,0.0
patch.harvested.10_20.size,2,20,10.0,0.0,100.0,1.0,1.0,11.03685188293457,0.0
patch.harvested.10_20.size,3,30,10.0,0.0,100.0,1.0,1.0,12.582011222839355,0.0
patch.harvested.10_20.size,4,40,10.0,0.0,100.0,1.0,1.0,12.7551851272583,0.0
patch.harvested.10_20.size,5,50,10.0,0.0,100.0,1.0,1.0,19.24534797668457,0.0
patch.harvested.10_20.size,6,60,10.0,0.0,100.0,1.0,1.0,0.0,0.0
patch.harvested.10_20.size,7,70,10.0,0.0,100.0,1.0,1.0,0.0,0.0
patch.harvested.10_20.size,8,80,10.0,0.0,100.0,1.0,1.0,44.72277069091797,0.0
patch.harvested.10_20.size,9,90,10.0,0.0,100.0,1.0,1.0,10.469646453857422,0.0
patch.harvested.10_20.size,10,100,10.0,0.0,100.0,1.0,1.0,10.074719429016113,0.0
patch.harvested.10_20.size,11,110,10.0,0.0,100.0,1.0,1.0,27.25397300720215,0.0
patch.harvested.10_20.size,12,120,10.0,0.0,100.0,1.0,1.0,18.326751708984375,0.0
patch.harvested.10_20.size,13,130,10.0,0.0,100.0,1.0,1.0,31.181303024291992,0.0
patch.harvested.10_20.size,14,140,10.0,0.0,100.0,1.0,1.0,10.669743537902832,0.0
patch.harvested.10_20.size,15,150,10.0,0.0,100.0,1.0,1.0,16.796857833862305,0.0
patch.harvested.10_20.size,16,160,10.0,0.0,100.0,1.0,1.0,0.0,0.0
patch.harvested.10_20.size,17,170,10.0,0.0,100.0,1.0,1.0,38.2497673034668,0.0
patch.harvested.10_20.size,18,180,10.0,0.0,100.0,1.0,1.0,38.27119827270508,0.0
patch.harvested.10_20.size,19,190,10.0,0.0,100.0,1.0,1.0,0.0,0.0
patch.harvested.10_20.size,20,200,10.0,0.0,100.0,1.0,1.0,22.181270599365234,0.0
patch.harvested.10_20.size,21,210,10.0,0.0,100.0,1.0,1.0,16.907161712646484,0.0
patch.harvested.10_20.size,22,220,10.0,0.0,100.0,1.0,1.0,49.00886535644531,0.0
patch.harvested.10_20.size,23,230,10.0,0.0,100.0,1.0,1.0,34.61586380004883,0.0
patch.harvested.10_20.size,24,240,10.0,0.0,100.0,1.0,1.0,16.130979537963867,0.0
patch.harvested.10_20.size,25,250,10.0,0.0,100.0,1.0,1.0,11.718982696533203,0.0
patch.harvested.10_20.size,26,260,10.0,0.0,100.0,1.0,1.0,19.36079216003418,0.0
patch.harvested.10_20.size,27,270,10.0,0.0,100.0,1.0,1.0,39.123741149902344,0.0
patch.harvested.10_20.size,28,280,10.0,0.0,100.0,1.0,1.0,0.0,0.0
patch.harvested.10_20.size,29,290,10.0,0.0,100.0,1.0,1.0,37.124691009521484,0.0
patch.harvested.10_20.size,30,300,10.0,0.0,100.0,1.0,1.0,47.64847183227539,0.0
