TARGET,PERIOD,YEAR,PERIODWIDTH,MINIMUM,MAXIMUM,MINWEIGHT,MAXWEIGHT,CURRENT,SUMMARY
patch.harvested.0_10.shape,0,0,10.0,0.0,100.0,1.0,1.0,0.0,100.0
patch.harvested.0_10.shape,1,10,10.0,0.0,100.0,1.0,1.0,1.1619999408721924,100.0
patch.harvested.0_10.shape,2,20,10.0,0.0,100.0,1.0,1.0,0.0,100.0
patch.harvested.0_10.shape,3,30,10.0,0.0,100.0,1.0,1.0,1.3875000476837158,100.0
patch.harvested.0_10.shape,4,40,10.0,0.0,100.0,1.0,1.0,1.6154999732971191,100.0
patch.harvested.0_10.shape,5,50,10.0,0.0,100.0,1.0,1.0,1.7855000495910645,100.0
patch.harvested.0_10.shape,6,60,10.0,0.0,100.0,1.0,1.0,1.9539999961853027,100.0
patch.harvested.0_10.shape,7,70,10.0,0.0,100.0,1.0,1.0,0.0,100.0
patch.harvested.0_10.shape,8,80,10.0,0.0,100.0,1.0,1.0,1.8674999475479126,100.0
patch.harvested.0_10.shape,9,90,10.0,0.0,100.0,1.0,1.0,0.0,100.0
patch.harvested.0_10.shape,10,100,10.0,0.0,100.0,1.0,1.0,0.0,100.0
patch.harvested.0_10.shape,11,110,10.0,0.0,100.0,1.0,1.0,1.2589999437332153,100.0
patch.harvested.0_10.shape,12,120,10.0,0.0,100.0,1.0,1.0,2.00600004196167,100.0
patch.harvested.0_10.shape,13,130,10.0,0.0,100.0,1.0,1.0,1.909999966621399,100.0
patch.harvested.0_10.shape,14,140,10.0,0.0,100.0,1.0,1.0,1.8133333921432495,100.0
patch.harvested.0_10.shape,15,150,10.0,0.0,100.0,1.0,1.0,1.559000015258789,100.0
patch.harvested.0_10.shape,16,160,10.0,0.0,100.0,1.0,1.0,2.6570000648498535,100.0
patch.harvested.0_10.shape,17,170,10.0,0.0,100.0,1.0,1.0,0.0,100.0
patch.harvested.0_10.shape,18,180,10.0,0.0,100.0,1.0,1.0,1.2669999599456787,100.0
patch.harvested.0_10.shape,19,190,10.0,0.0,100.0,1.0,1.0,1.9539999961853027,100.0
patch.harvested.0_10.shape,20,200,10.0,0.0,100.0,1.0,1.0,0.0,100.0
patch.harvested.0_10.shape,21,210,10.0,0.0,100.0,1.0,1.0,1.6154999732971191,100.0
patch.harvested.0_10.shape,22,220,10.0,0.0,100.0,1.0,1.0,1.3535000085830688,100.0
patch.harvested.0_10.shape,23,230,10.0,0.0,100.0,1.0,1.0,2.563999891281128,100.0
patch.harvested.0_10.shape,24,240,10.0,0.0,100.0,1.0,1.0,3.3359999656677246,100.0
patch.harvested.0_10.shape,25,250,10.0,0.0,100.0,1.0,1.0,1.2109999656677246,100.0
patch.harvested.0_10.shape,26,260,10.0,0.0,100.0,1.0,1.0,1.378000020980835,100.0
patch.harvested.0_10.shape,27,270,10.0,0.0,100.0,1.0,1.0,2.4070000648498535,100.0
patch.harvested.0_10.shape,28,280,10.0,0.0,100.0,1.0,1.0,1.9459999799728394,100.0
patch.harvested.0_10.shape,29,290,10.0,0.0,100.0,1.0,1.0,1.3140000104904175,100.0
patch.harvested.0_10.shape,30,300,10.0,0.0,100.0,1.0,1.0,1.7606666088104248,100.0
