TARGET,PERIOD,YEAR,PERIODWIDTH,MINIMUM,MAXIMUM,MINWEIGHT,MAXWEIGHT,CURRENT,SUMMARY
product.Yield.managed.CW,0,0,10.0,0.0,10000.0,1.0,1.0,0.0,0.0
product.Yield.managed.CW,1,10,10.0,0.0,10000.0,1.0,1.0,6347.27099609375,0.0
product.Yield.managed.CW,2,20,10.0,0.0,10000.0,1.0,1.0,6460.216796875,0.0
product.Yield.managed.CW,3,30,10.0,0.0,10000.0,1.0,1.0,14137.158203125,0.0
product.Yield.managed.CW,4,40,10.0,0.0,10000.0,1.0,1.0,17179.28125,0.0
product.Yield.managed.CW,5,50,10.0,0.0,10000.0,1.0,1.0,15008.4560546875,0.0
product.Yield.managed.CW,6,60,10.0,0.0,10000.0,1.0,1.0,15938.90625,0.0
product.Yield.managed.CW,7,70,10.0,0.0,10000.0,1.0,1.0,18393.86328125,0.0
product.Yield.managed.CW,8,80,10.0,0.0,10000.0,1.0,1.0,18408.8203125,0.0
product.Yield.managed.CW,9,90,10.0,0.0,10000.0,1.0,1.0,19410.328125,0.0
product.Yield.managed.CW,10,100,10.0,0.0,10000.0,1.0,1.0,24749.142578125,0.0
product.Yield.managed.CW,11,110,10.0,0.0,10000.0,1.0,1.0,28216.640625,0.0
product.Yield.managed.CW,12,120,10.0,0.0,10000.0,1.0,1.0,25144.7890625,0.0
product.Yield.managed.CW,13,130,10.0,0.0,10000.0,1.0,1.0,24570.302734375,0.0
product.Yield.managed.CW,14,140,10.0,0.0,10000.0,1.0,1.0,25526.388671875,0.0
product.Yield.managed.CW,15,150,10.0,0.0,10000.0,1.0,1.0,20751.880859375,0.0
product.Yield.managed.CW,16,160,10.0,0.0,10000.0,1.0,1.0,29783.53515625,0.0
product.Yield.managed.CW,17,170,10.0,0.0,10000.0,1.0,1.0,26192.291015625,0.0
product.Yield.managed.CW,18,180,10.0,0.0,10000.0,1.0,1.0,30414.671875,0.0
product.Yield.managed.CW,19,190,10.0,0.0,10000.0,1.0,1.0,28553.734375,0.0
product.Yield.managed.CW,20,200,10.0,0.0,10000.0,1.0,1.0,23979.478515625,0.0
product.Yield.managed.CW,21,210,10.0,0.0,10000.0,1.0,1.0,26789.845703125,0.0
product.Yield.managed.CW,22,220,10.0,0.0,10000.0,1.0,1.0,22104.630859375,0.0
product.Yield.managed.CW,23,230,10.0,0.0,10000.0,1.0,1.0,31881.091796875,0.0
product.Yield.managed.CW,24,240,10.0,0.0,10000.0,1.0,1.0,29247.681640625,0.0
product.Yield.managed.CW,25,250,10.0,0.0,10000.0,1.0,1.0,26715.986328125,0.0
product.Yield.managed.CW,26,260,10.0,0.0,10000.0,1.0,1.0,23347.25390625,0.0
product.Yield.managed.CW,27,270,10.0,0.0,10000.0,1.0,1.0,29400.482421875,0.0
product.Yield.managed.CW,28,280,10.0,0.0,10000.0,1.0,1.0,22257.025390625,0.0
product.Yield.managed.CW,29,290,10.0,0.0,10000.0,1.0,1.0,30125.76171875,0.0
product.Yield.managed.CW,30,300,10.0,0.0,10000.0,1.0,1.0,23949.01171875,0.0
