TARGET,PERIOD,YEAR,PERIODWIDTH,MINIMUM,MAXIMUM,MINWEIGHT,MAXWEIGHT,CURRENT,SUMMARY
product.Yield.managed.FDC,0,0,10.0,0.0,10000.0,1.0,1.0,0.0,0.0
product.Yield.managed.FDC,1,10,10.0,0.0,10000.0,1.0,1.0,20037.5625,0.0
product.Yield.managed.FDC,2,20,10.0,0.0,10000.0,1.0,1.0,21332.302734375,0.0
product.Yield.managed.FDC,3,30,10.0,0.0,10000.0,1.0,1.0,37168.91796875,0.0
product.Yield.managed.FDC,4,40,10.0,0.0,10000.0,1.0,1.0,40132.37109375,0.0
product.Yield.managed.FDC,5,50,10.0,0.0,10000.0,1.0,1.0,24526.966796875,0.0
product.Yield.managed.FDC,6,60,10.0,0.0,10000.0,1.0,1.0,32494.919921875,0.0
product.Yield.managed.FDC,7,70,10.0,0.0,10000.0,1.0,1.0,27107.236328125,0.0
product.Yield.managed.FDC,8,80,10.0,0.0,10000.0,1.0,1.0,23165.548828125,0.0
product.Yield.managed.FDC,9,90,10.0,0.0,10000.0,1.0,1.0,30179.125,0.0
product.Yield.managed.FDC,10,100,10.0,0.0,10000.0,1.0,1.0,33827.90234375,0.0
product.Yield.managed.FDC,11,110,10.0,0.0,10000.0,1.0,1.0,34065.54296875,0.0
product.Yield.managed.FDC,12,120,10.0,0.0,10000.0,1.0,1.0,38109.76171875,0.0
product.Yield.managed.FDC,13,130,10.0,0.0,10000.0,1.0,1.0,50102.5546875,0.0
product.Yield.managed.FDC,14,140,10.0,0.0,10000.0,1.0,1.0,20099.853515625,0.0
product.Yield.managed.FDC,15,150,10.0,0.0,10000.0,1.0,1.0,41394.3359375,0.0
product.Yield.managed.FDC,16,160,10.0,0.0,10000.0,1.0,1.0,34232.921875,0.0
product.Yield.managed.FDC,17,170,10.0,0.0,10000.0,1.0,1.0,31588.388671875,0.0
product.Yield.managed.FDC,18,180,10.0,0.0,10000.0,1.0,1.0,45597.2421875,0.0
product.Yield.managed.FDC,19,190,10.0,0.0,10000.0,1.0,1.0,45625.66796875,0.0
product.Yield.managed.FDC,20,200,10.0,0.0,10000.0,1.0,1.0,12668.693359375,0.0
product.Yield.managed.FDC,21,210,10.0,0.0,10000.0,1.0,1.0,36640.84765625,0.0
product.Yield.managed.FDC,22,220,10.0,0.0,10000.0,1.0,1.0,39676.36328125,0.0
product.Yield.managed.FDC,23,230,10.0,0.0,10000.0,1.0,1.0,21057.30859375,0.0
product.Yield.managed.FDC,24,240,10.0,0.0,10000.0,1.0,1.0,21135.228515625,0.0
product.Yield.managed.FDC,25,250,10.0,0.0,10000.0,1.0,1.0,48296.14453125,0.0
product.Yield.managed.FDC,26,260,10.0,0.0,10000.0,1.0,1.0,19574.9375,0.0
product.Yield.managed.FDC,27,270,10.0,0.0,10000.0,1.0,1.0,53115.125,0.0
product.Yield.managed.FDC,28,280,10.0,0.0,10000.0,1.0,1.0,38861.37109375,0.0
product.Yield.managed.FDC,29,290,10.0,0.0,10000.0,1.0,1.0,29932.5078125,0.0
product.Yield.managed.FDC,30,300,10.0,0.0,10000.0,1.0,1.0,52183.046875,0.0
