TARGET,PERIOD,YEAR,PERIODWIDTH,MINIMUM,MAXIMUM,MINWEIGHT,MAXWEIGHT,CURRENT,SUMMARY
product.Yield.managed.CW,0,0,10.0,0.0,10000.0,1.0,1.0,0.0,0.0
product.Yield.managed.CW,1,10,10.0,0.0,10000.0,1.0,1.0,6771.5068359375,0.0
product.Yield.managed.CW,2,20,10.0,0.0,10000.0,1.0,1.0,8293.2490234375,0.0
product.Yield.managed.CW,3,30,10.0,0.0,10000.0,1.0,1.0,19512.587890625,0.0
product.Yield.managed.CW,4,40,10.0,0.0,10000.0,1.0,1.0,16260.2265625,0.0
product.Yield.managed.CW,5,50,10.0,0.0,10000.0,1.0,1.0,18534.068359375,0.0
product.Yield.managed.CW,6,60,10.0,0.0,10000.0,1.0,1.0,14674.7109375,0.0
product.Yield.managed.CW,7,70,10.0,0.0,10000.0,1.0,1.0,17319.28125,0.0
product.Yield.managed.CW,8,80,10.0,0.0,10000.0,1.0,1.0,11292.5927734375,0.0
product.Yield.managed.CW,9,90,10.0,0.0,10000.0,1.0,1.0,20694.14453125,0.0
product.Yield.managed.CW,10,100,10.0,0.0,10000.0,1.0,1.0,30189.08984375,0.0
product.Yield.managed.CW,11,110,10.0,0.0,10000.0,1.0,1.0,29963.736328125,0.0
product.Yield.managed.CW,12,120,10.0,0.0,10000.0,1.0,1.0,30850.365234375,0.0
product.Yield.managed.CW,13,130,10.0,0.0,10000.0,1.0,1.0,24077.916015625,0.0
product.Yield.managed.CW,14,140,10.0,0.0,10000.0,1.0,1.0,30459.220703125,0.0
product.Yield.managed.CW,15,150,10.0,0.0,10000.0,1.0,1.0,22845.048828125,0.0
product.Yield.managed.CW,16,160,10.0,0.0,10000.0,1.0,1.0,24333.064453125,0.0
product.Yield.managed.CW,17,170,10.0,0.0,10000.0,1.0,1.0,25945.4453125,0.0
product.Yield.managed.CW,18,180,10.0,0.0,10000.0,1.0,1.0,28990.279296875,0.0
product.Yield.managed.CW,19,190,10.0,0.0,10000.0,1.0,1.0,26596.380859375,0.0
product.Yield.managed.CW,20,200,10.0,0.0,10000.0,1.0,1.0,26705.47265625,0.0
product.Yield.managed.CW,21,210,10.0,0.0,10000.0,1.0,1.0,32249.138671875,0.0
product.Yield.managed.CW,22,220,10.0,0.0,10000.0,1.0,1.0,28522.478515625,0.0
product.Yield.managed.CW,23,230,10.0,0.0,10000.0,1.0,1.0,20504.203125,0.0
product.Yield.managed.CW,24,240,10.0,0.0,10000.0,1.0,1.0,25650.998046875,0.0
product.Yield.managed.CW,25,250,10.0,0.0,10000.0,1.0,1.0,25855.294921875,0.0
product.Yield.managed.CW,26,260,10.0,0.0,10000.0,1.0,1.0,25462.296875,0.0
product.Yield.managed.CW,27,270,10.0,0.0,10000.0,1.0,1.0,27386.21484375,0.0
product.Yield.managed.CW,28,280,10.0,0.0,10000.0,1.0,1.0,27234.328125,0.0
product.Yield.managed.CW,29,290,10.0,0.0,10000.0,1.0,1.0,33424.1015625,0.0
product.Yield.managed.CW,30,300,10.0,0.0,10000.0,1.0,1.0,31433.76171875,0.0
