TARGET,PERIOD,YEAR,PERIODWIDTH,MINIMUM,MAXIMUM,MINWEIGHT,MAXWEIGHT,CURRENT,SUMMARY
product.Yield.managed.HW,0,0,10.0,0.0,10000.0,1.0,1.0,0.0,0.0
product.Yield.managed.HW,1,10,10.0,0.0,10000.0,1.0,1.0,75357.0078125,0.0
product.Yield.managed.HW,2,20,10.0,0.0,10000.0,1.0,1.0,67553.1171875,0.0
product.Yield.managed.HW,3,30,10.0,0.0,10000.0,1.0,1.0,63438.90625,0.0
product.Yield.managed.HW,4,40,10.0,0.0,10000.0,1.0,1.0,45415.79296875,0.0
product.Yield.managed.HW,5,50,10.0,0.0,10000.0,1.0,1.0,56103.69921875,0.0
product.Yield.managed.HW,6,60,10.0,0.0,10000.0,1.0,1.0,41511.7265625,0.0
product.Yield.managed.HW,7,70,10.0,0.0,10000.0,1.0,1.0,61754.6015625,0.0
product.Yield.managed.HW,8,80,10.0,0.0,10000.0,1.0,1.0,47347.6640625,0.0
product.Yield.managed.HW,9,90,10.0,0.0,10000.0,1.0,1.0,59469.625,0.0
product.Yield.managed.HW,10,100,10.0,0.0,10000.0,1.0,1.0,45268.13671875,0.0
product.Yield.managed.HW,11,110,10.0,0.0,10000.0,1.0,1.0,24192.681640625,0.0
product.Yield.managed.HW,12,120,10.0,0.0,10000.0,1.0,1.0,34602.57421875,0.0
product.Yield.managed.HW,13,130,10.0,0.0,10000.0,1.0,1.0,31369.173828125,0.0
product.Yield.managed.HW,14,140,10.0,0.0,10000.0,1.0,1.0,33741.7890625,0.0
product.Yield.managed.HW,15,150,10.0,0.0,10000.0,1.0,1.0,38282.53125,0.0
product.Yield.managed.HW,16,160,10.0,0.0,10000.0,1.0,1.0,23172.80859375,0.0
product.Yield.managed.HW,17,170,10.0,0.0,10000.0,1.0,1.0,39711.40625,0.0
product.Yield.managed.HW,18,180,10.0,0.0,10000.0,1.0,1.0,27109.455078125,0.0
product.Yield.managed.HW,19,190,10.0,0.0,10000.0,1.0,1.0,24218.978515625,0.0
product.Yield.managed.HW,20,200,10.0,0.0,10000.0,1.0,1.0,53670.8515625,0.0
product.Yield.managed.HW,21,210,10.0,0.0,10000.0,1.0,1.0,35923.296875,0.0
product.Yield.managed.HW,22,220,10.0,0.0,10000.0,1.0,1.0,29176.85546875,0.0
product.Yield.managed.HW,23,230,10.0,0.0,10000.0,1.0,1.0,30850.603515625,0.0
product.Yield.managed.HW,24,240,10.0,0.0,10000.0,1.0,1.0,53309.390625,0.0
product.Yield.managed.HW,25,250,10.0,0.0,10000.0,1.0,1.0,39894.96875,0.0
product.Yield.managed.HW,26,260,10.0,0.0,10000.0,1.0,1.0,30231.630859375,0.0
product.Yield.managed.HW,27,270,10.0,0.0,10000.0,1.0,1.0,24452.947265625,0.0
product.Yield.managed.HW,28,280,10.0,0.0,10000.0,1.0,1.0,48231.52734375,0.0
product.Yield.managed.HW,29,290,10.0,0.0,10000.0,1.0,1.0,36678.65625,0.0
product.Yield.managed.HW,30,300,10.0,0.0,10000.0,1.0,1.0,34832.05078125,0.0
