TARGET,PERIOD,YEAR,PERIODWIDTH,MINIMUM,MAXIMUM,MINWEIGHT,MAXWEIGHT,CURRENT,SUMMARY
product.Treated.managed.PCT,0,0,10.0,0.0,10000.0,1.0,1.0,0.0,0.0
product.Treated.managed.PCT,1,10,10.0,0.0,10000.0,1.0,1.0,0.0,0.0
product.Treated.managed.PCT,2,20,10.0,0.0,10000.0,1.0,1.0,51.76300048828125,0.0
product.Treated.managed.PCT,3,30,10.0,0.0,10000.0,1.0,1.0,58.06800079345703,0.0
product.Treated.managed.PCT,4,40,10.0,0.0,10000.0,1.0,1.0,81.53600311279297,0.0
product.Treated.managed.PCT,5,50,10.0,0.0,10000.0,1.0,1.0,80.07499694824219,0.0
product.Treated.managed.PCT,6,60,10.0,0.0,10000.0,1.0,1.0,70.62100219726562,0.0
product.Treated.managed.PCT,7,70,10.0,0.0,10000.0,1.0,1.0,52.72999954223633,0.0
product.Treated.managed.PCT,8,80,10.0,0.0,10000.0,1.0,1.0,40.573001861572266,0.0
product.Treated.managed.PCT,9,90,10.0,0.0,10000.0,1.0,1.0,63.49100112915039,0.0
product.Treated.managed.PCT,10,100,10.0,0.0,10000.0,1.0,1.0,42.54800033569336,0.0
product.Treated.managed.PCT,11,110,10.0,0.0,10000.0,1.0,1.0,92.55000305175781,0.0
product.Treated.managed.PCT,12,120,10.0,0.0,10000.0,1.0,1.0,68.66799926757812,0.0
product.Treated.managed.PCT,13,130,10.0,0.0,10000.0,1.0,1.0,78.72000122070312,0.0
product.Treated.managed.PCT,14,140,10.0,0.0,10000.0,1.0,1.0,20.760000228881836,0.0
product.Treated.managed.PCT,15,150,10.0,0.0,10000.0,1.0,1.0,31.111000061035156,0.0
product.Treated.managed.PCT,16,160,10.0,0.0,10000.0,1.0,1.0,29.881999969482422,0.0
product.Treated.managed.PCT,17,170,10.0,0.0,10000.0,1.0,1.0,59.83100128173828,0.0
product.Treated.managed.PCT,18,180,10.0,0.0,10000.0,1.0,1.0,56.33000183105469,0.0
product.Treated.managed.PCT,19,190,10.0,0.0,10000.0,1.0,1.0,65.69000244140625,0.0
product.Treated.managed.PCT,20,200,10.0,0.0,10000.0,1.0,1.0,79.90699768066406,0.0
product.Treated.managed.PCT,21,210,10.0,0.0,10000.0,1.0,1.0,35.81399917602539,0.0
product.Treated.managed.PCT,22,220,10.0,0.0,10000.0,1.0,1.0,30.22800064086914,0.0
product.Treated.managed.PCT,23,230,10.0,0.0,10000.0,1.0,1.0,37.875,0.0
product.Treated.managed.PCT,24,240,10.0,0.0,10000.0,1.0,1.0,10.255000114440918,0.0
product.Treated.managed.PCT,25,250,10.0,0.0,10000.0,1.0,1.0,0.0,0.0
product.Treated.managed.PCT,26,260,10.0,0.0,10000.0,1.0,1.0,0.0,0.0
product.Treated.managed.PCT,27,270,10.0,0.0,10000.0,1.0,1.0,0.0,0.0
product.Treated.managed.PCT,28,280,10.0,0.0,10000.0,1.0,1.0,0.0,0.0
product.Treated.managed.PCT,29,290,10.0,0.0,10000.0,1.0,1.0,0.0,0.0
product.Treated.managed.PCT,30,300,10.0,0.0,10000.0,1.0,1.0,0.0,0.0
