TARGET,PERIOD,YEAR,PERIODWIDTH,MINIMUM,MAXIMUM,MINWEIGHT,MAXWEIGHT,CURRENT,SUMMARY
product.Yield.managed.FDC,0,0,10.0,0.0,10000.0,1.0,1.0,0.0,0.0
product.Yield.managed.FDC,1,10,10.0,0.0,10000.0,1.0,1.0,24489.818359375,0.0
product.Yield.managed.FDC,2,20,10.0,0.0,10000.0,1.0,1.0,13886.947265625,0.0
product.Yield.managed.FDC,3,30,10.0,0.0,10000.0,1.0,1.0,21579.52734375,0.0
product.Yield.managed.FDC,4,40,10.0,0.0,10000.0,1.0,1.0,22566.576171875,0.0
product.Yield.managed.FDC,5,50,10.0,0.0,10000.0,1.0,1.0,14981.3701171875,0.0
product.Yield.managed.FDC,6,60,10.0,0.0,10000.0,1.0,1.0,39098.61328125,0.0
product.Yield.managed.FDC,7,70,10.0,0.0,10000.0,1.0,1.0,30887.82421875,0.0
product.Yield.managed.FDC,8,80,10.0,0.0,10000.0,1.0,1.0,32606.521484375,0.0
product.Yield.managed.FDC,9,90,10.0,0.0,10000.0,1.0,1.0,29466.30078125,0.0
product.Yield.managed.FDC,10,100,10.0,0.0,10000.0,1.0,1.0,42785.9609375,0.0
product.Yield.managed.FDC,11,110,10.0,0.0,10000.0,1.0,1.0,43565.8671875,0.0
product.Yield.managed.FDC,12,120,10.0,0.0,10000.0,1.0,1.0,28825.2265625,0.0
product.Yield.managed.FDC,13,130,10.0,0.0,10000.0,1.0,1.0,45626.93359375,0.0
product.Yield.managed.FDC,14,140,10.0,0.0,10000.0,1.0,1.0,35255.58203125,0.0
product.Yield.managed.FDC,15,150,10.0,0.0,10000.0,1.0,1.0,43060.83984375,0.0
product.Yield.managed.FDC,16,160,10.0,0.0,10000.0,1.0,1.0,38651.046875,0.0
product.Yield.managed.FDC,17,170,10.0,0.0,10000.0,1.0,1.0,38554.94921875,0.0
product.Yield.managed.FDC,18,180,10.0,0.0,10000.0,1.0,1.0,57405.87109375,0.0
product.Yield.managed.FDC,19,190,10.0,0.0,10000.0,1.0,1.0,47435.66015625,0.0
product.Yield.managed.FDC,20,200,10.0,0.0,10000.0,1.0,1.0,29262.5078125,0.0
product.Yield.managed.FDC,21,210,10.0,0.0,10000.0,1.0,1.0,25421.19140625,0.0
product.Yield.managed.FDC,22,220,10.0,0.0,10000.0,1.0,1.0,36338.1875,0.0
product.Yield.managed.FDC,23,230,10.0,0.0,10000.0,1.0,1.0,46509.3125,0.0
product.Yield.managed.FDC,24,240,10.0,0.0,10000.0,1.0,1.0,41012.7109375,0.0
product.Yield.managed.FDC,25,250,10.0,0.0,10000.0,1.0,1.0,39648.52734375,0.0
product.Yield.managed.FDC,26,260,10.0,0.0,10000.0,1.0,1.0,31457.275390625,0.0
product.Yield.managed.FDC,27,270,10.0,0.0,10000.0,1.0,1.0,55913.16015625,0.0
product.Yield.managed.FDC,28,280,10.0,0.0,10000.0,1.0,1.0,44388.51953125,0.0
product.Yield.managed.FDC,29,290,10.0,0.0,10000.0,1.0,1.0,44320.1640625,0.0
product.Yield.managed.FDC,30,300,10.0,0.0,10000.0,1.0,1.0,26343.078125,0.0
