TARGET,PERIOD,YEAR,PERIODWIDTH,MINIMUM,MAXIMUM,MINWEIGHT,MAXWEIGHT,CURRENT,SUMMARY
value.stumpage.HW,0,0,10.0,0.0,10000.0,1.0,1.0,0.0,0.0
value.stumpage.HW,1,10,10.0,0.0,10000.0,1.0,1.0,26374.94140625,0.0
value.stumpage.HW,2,20,10.0,0.0,10000.0,1.0,1.0,23643.58203125,0.0
value.stumpage.HW,3,30,10.0,0.0,10000.0,1.0,1.0,22203.611328125,0.0
value.stumpage.HW,4,40,10.0,0.0,10000.0,1.0,1.0,15895.51953125,0.0
value.stumpage.HW,5,50,10.0,0.0,10000.0,1.0,1.0,19636.287109375,0.0
value.stumpage.HW,6,60,10.0,0.0,10000.0,1.0,1.0,14529.091796875,0.0
value.stumpage.HW,7,70,10.0,0.0,10000.0,1.0,1.0,21614.099609375,0.0
value.stumpage.HW,8,80,10.0,0.0,10000.0,1.0,1.0,16571.671875,0.0
value.stumpage.HW,9,90,10.0,0.0,10000.0,1.0,1.0,20814.36328125,0.0
value.stumpage.HW,10,100,10.0,0.0,10000.0,1.0,1.0,15843.8388671875,0.0
value.stumpage.HW,11,110,10.0,0.0,10000.0,1.0,1.0,8467.43359375,0.0
value.stumpage.HW,12,120,10.0,0.0,10000.0,1.0,1.0,12110.8984375,0.0
value.stumpage.HW,13,130,10.0,0.0,10000.0,1.0,1.0,10979.203125,0.0
value.stumpage.HW,14,140,10.0,0.0,10000.0,1.0,1.0,11809.6181640625,0.0
value.stumpage.HW,15,150,10.0,0.0,10000.0,1.0,1.0,13398.8779296875,0.0
value.stumpage.HW,16,160,10.0,0.0,10000.0,1.0,1.0,8110.47509765625,0.0
value.stumpage.HW,17,170,10.0,0.0,10000.0,1.0,1.0,13898.986328125,0.0
value.stumpage.HW,18,180,10.0,0.0,10000.0,1.0,1.0,9488.3037109375,0.0
value.stumpage.HW,19,190,10.0,0.0,10000.0,1.0,1.0,8476.6357421875,0.0
value.stumpage.HW,20,200,10.0,0.0,10000.0,1.0,1.0,18784.79296875,0.0
value.stumpage.HW,21,210,10.0,0.0,10000.0,1.0,1.0,12573.146484375,0.0
value.stumpage.HW,22,220,10.0,0.0,10000.0,1.0,1.0,10211.8916015625,0.0
value.stumpage.HW,23,230,10.0,0.0,10000.0,1.0,1.0,10797.7060546875,0.0
value.stumpage.HW,24,240,10.0,0.0,10000.0,1.0,1.0,18658.271484375,0.0
value.stumpage.HW,25,250,10.0,0.0,10000.0,1.0,1.0,13963.23046875,0.0
value.stumpage.HW,26,260,10.0,0.0,10000.0,1.0,1.0,10581.064453125,0.0
value.stumpage.HW,27,270,10.0,0.0,10000.0,1.0,1.0,8558.5263671875,0.0
value.stumpage.HW,28,280,10.0,0.0,10000.0,1.0,1.0,16881.0234375,0.0
value.stumpage.HW,29,290,10.0,0.0,10000.0,1.0,1.0,12837.5244140625,0.0
value.stumpage.HW,30,300,10.0,0.0,10000.0,1.0,1.0,12191.2109375,0.0
