TARGET,PERIOD,YEAR,PERIODWIDTH,MINIMUM,MAXIMUM,MINWEIGHT,MAXWEIGHT,CURRENT,SUMMARY
feature.Yield.managed.HW,0,0,10.0,0.0,10000.0,1.0,1.0,422807.8125,0.0
feature.Yield.managed.HW,1,10,10.0,0.0,10000.0,1.0,1.0,416479.09375,0.0
feature.Yield.managed.HW,2,20,10.0,0.0,10000.0,1.0,1.0,425142.1875,0.0
feature.Yield.managed.HW,3,30,10.0,0.0,10000.0,1.0,1.0,417762.96875,0.0
feature.Yield.managed.HW,4,40,10.0,0.0,10000.0,1.0,1.0,387661.15625,0.0
feature.Yield.managed.HW,5,50,10.0,0.0,10000.0,1.0,1.0,344881.71875,0.0
feature.Yield.managed.HW,6,60,10.0,0.0,10000.0,1.0,1.0,287705.65625,0.0
feature.Yield.managed.HW,7,70,10.0,0.0,10000.0,1.0,1.0,231205.0,0.0
feature.Yield.managed.HW,8,80,10.0,0.0,10000.0,1.0,1.0,204825.703125,0.0
feature.Yield.managed.HW,9,90,10.0,0.0,10000.0,1.0,1.0,212569.953125,0.0
feature.Yield.managed.HW,10,100,10.0,0.0,10000.0,1.0,1.0,213325.796875,0.0
feature.Yield.managed.HW,11,110,10.0,0.0,10000.0,1.0,1.0,223203.78125,0.0
feature.Yield.managed.HW,12,120,10.0,0.0,10000.0,1.0,1.0,236600.921875,0.0
feature.Yield.managed.HW,13,130,10.0,0.0,10000.0,1.0,1.0,244546.671875,0.0
feature.Yield.managed.HW,14,140,10.0,0.0,10000.0,1.0,1.0,234890.625,0.0
feature.Yield.managed.HW,15,150,10.0,0.0,10000.0,1.0,1.0,220674.09375,0.0
feature.Yield.managed.HW,16,160,10.0,0.0,10000.0,1.0,1.0,206049.40625,0.0
feature.Yield.managed.HW,17,170,10.0,0.0,10000.0,1.0,1.0,201664.484375,0.0
feature.Yield.managed.HW,18,180,10.0,0.0,10000.0,1.0,1.0,200517.4375,0.0
feature.Yield.managed.HW,19,190,10.0,0.0,10000.0,1.0,1.0,192061.1875,0.0
feature.Yield.managed.HW,20,200,10.0,0.0,10000.0,1.0,1.0,195672.9375,0.0
feature.Yield.managed.HW,21,210,10.0,0.0,10000.0,1.0,1.0,195913.953125,0.0
feature.Yield.managed.HW,22,220,10.0,0.0,10000.0,1.0,1.0,207726.03125,0.0
feature.Yield.managed.HW,23,230,10.0,0.0,10000.0,1.0,1.0,218613.0625,0.0
feature.Yield.managed.HW,24,240,10.0,0.0,10000.0,1.0,1.0,199435.40625,0.0
feature.Yield.managed.HW,25,250,10.0,0.0,10000.0,1.0,1.0,201619.84375,0.0
feature.Yield.managed.HW,26,260,10.0,0.0,10000.0,1.0,1.0,197487.859375,0.0
feature.Yield.managed.HW,27,270,10.0,0.0,10000.0,1.0,1.0,193957.734375,0.0
feature.Yield.managed.HW,28,280,10.0,0.0,10000.0,1.0,1.0,199192.34375,0.0
feature.Yield.managed.HW,29,290,10.0,0.0,10000.0,1.0,1.0,221697.859375,0.0
feature.Yield.managed.HW,30,300,10.0,0.0,10000.0,1.0,1.0,242419.0625,0.0
