TARGET,PERIOD,YEAR,PERIODWIDTH,MINIMUM,MAXIMUM,MINWEIGHT,MAXWEIGHT,CURRENT,SUMMARY
feature.Seral.mature,0,0,10.0,0.0,10000.0,1.0,1.0,194.47799682617188,0.0
feature.Seral.mature,1,10,10.0,0.0,10000.0,1.0,1.0,157.86199951171875,0.0
feature.Seral.mature,2,20,10.0,0.0,10000.0,1.0,1.0,116.47599792480469,0.0
feature.Seral.mature,3,30,10.0,0.0,10000.0,1.0,1.0,91.67400360107422,0.0
feature.Seral.mature,4,40,10.0,0.0,10000.0,1.0,1.0,54.2400016784668,0.0
feature.Seral.mature,5,50,10.0,0.0,10000.0,1.0,1.0,151.57899475097656,0.0
feature.Seral.mature,6,60,10.0,0.0,10000.0,1.0,1.0,236.66200256347656,0.0
feature.Seral.mature,7,70,10.0,0.0,10000.0,1.0,1.0,212.08599853515625,0.0
feature.Seral.mature,8,80,10.0,0.0,10000.0,1.0,1.0,239.30999755859375,0.0
feature.Seral.mature,9,90,10.0,0.0,10000.0,1.0,1.0,219.59300231933594,0.0
feature.Seral.mature,10,100,10.0,0.0,10000.0,1.0,1.0,178.90699768066406,0.0
feature.Seral.mature,11,110,10.0,0.0,10000.0,1.0,1.0,81.95600128173828,0.0
feature.Seral.mature,12,120,10.0,0.0,10000.0,1.0,1.0,79.75700378417969,0.0
feature.Seral.mature,13,130,10.0,0.0,10000.0,1.0,1.0,81.81300354003906,0.0
feature.Seral.mature,14,140,10.0,0.0,10000.0,1.0,1.0,81.88800048828125,0.0
feature.Seral.mature,15,150,10.0,0.0,10000.0,1.0,1.0,58.57099914550781,0.0
feature.Seral.mature,16,160,10.0,0.0,10000.0,1.0,1.0,44.24100112915039,0.0
feature.Seral.mature,17,170,10.0,0.0,10000.0,1.0,1.0,31.20400047302246,0.0
feature.Seral.mature,18,180,10.0,0.0,10000.0,1.0,1.0,73.69999694824219,0.0
feature.Seral.mature,19,190,10.0,0.0,10000.0,1.0,1.0,80.197998046875,0.0
feature.Seral.mature,20,200,10.0,0.0,10000.0,1.0,1.0,75.94200134277344,0.0
feature.Seral.mature,21,210,10.0,0.0,10000.0,1.0,1.0,66.19400024414062,0.0
feature.Seral.mature,22,220,10.0,0.0,10000.0,1.0,1.0,48.018001556396484,0.0
feature.Seral.mature,23,230,10.0,0.0,10000.0,1.0,1.0,61.055999755859375,0.0
feature.Seral.mature,24,240,10.0,0.0,10000.0,1.0,1.0,21.299999237060547,0.0
feature.Seral.mature,25,250,10.0,0.0,10000.0,1.0,1.0,39.94200134277344,0.0
feature.Seral.mature,26,260,10.0,0.0,10000.0,1.0,1.0,62.01599884033203,0.0
feature.Seral.mature,27,270,10.0,0.0,10000.0,1.0,1.0,17.048999786376953,0.0
feature.Seral.mature,28,280,10.0,0.0,10000.0,1.0,1.0,52.80400085449219,0.0
feature.Seral.mature,29,290,10.0,0.0,10000.0,1.0,1.0,52.2760009765625,0.0
feature.Seral.mature,30,300,10.0,0.0,10000.0,1.0,1.0,36.854000091552734,0.0
