TARGET,PERIOD,YEAR,PERIODWIDTH,MINIMUM,MAXIMUM,MINWEIGHT,MAXWEIGHT,CURRENT,SUMMARY
feature.Seral.young,0,0,10.0,0.0,10000.0,1.0,1.0,0.0,0.0
feature.Seral.young,1,10,10.0,0.0,10000.0,1.0,1.0,55.89400100708008,0.0
feature.Seral.young,2,20,10.0,0.0,10000.0,1.0,1.0,76.56999969482422,0.0
feature.Seral.young,3,30,10.0,0.0,10000.0,1.0,1.0,68.39299774169922,0.0
feature.Seral.young,4,40,10.0,0.0,10000.0,1.0,1.0,43.77000045776367,0.0
feature.Seral.young,5,50,10.0,0.0,10000.0,1.0,1.0,43.10599899291992,0.0
feature.Seral.young,6,60,10.0,0.0,10000.0,1.0,1.0,76.93599700927734,0.0
feature.Seral.young,7,70,10.0,0.0,10000.0,1.0,1.0,158.04100036621094,0.0
feature.Seral.young,8,80,10.0,0.0,10000.0,1.0,1.0,146.08399963378906,0.0
feature.Seral.young,9,90,10.0,0.0,10000.0,1.0,1.0,98.77999877929688,0.0
feature.Seral.young,10,100,10.0,0.0,10000.0,1.0,1.0,73.677001953125,0.0
feature.Seral.young,11,110,10.0,0.0,10000.0,1.0,1.0,52.020999908447266,0.0
feature.Seral.young,12,120,10.0,0.0,10000.0,1.0,1.0,79.27200317382812,0.0
feature.Seral.young,13,130,10.0,0.0,10000.0,1.0,1.0,46.737998962402344,0.0
feature.Seral.young,14,140,10.0,0.0,10000.0,1.0,1.0,64.21299743652344,0.0
feature.Seral.young,15,150,10.0,0.0,10000.0,1.0,1.0,18.97800064086914,0.0
feature.Seral.young,16,160,10.0,0.0,10000.0,1.0,1.0,126.05599975585938,0.0
feature.Seral.young,17,170,10.0,0.0,10000.0,1.0,1.0,119.9010009765625,0.0
feature.Seral.young,18,180,10.0,0.0,10000.0,1.0,1.0,105.62699890136719,0.0
feature.Seral.young,19,190,10.0,0.0,10000.0,1.0,1.0,102.25900268554688,0.0
feature.Seral.young,20,200,10.0,0.0,10000.0,1.0,1.0,37.731998443603516,0.0
feature.Seral.young,21,210,10.0,0.0,10000.0,1.0,1.0,82.86399841308594,0.0
feature.Seral.young,22,220,10.0,0.0,10000.0,1.0,1.0,66.6449966430664,0.0
feature.Seral.young,23,230,10.0,0.0,10000.0,1.0,1.0,78.34300231933594,0.0
feature.Seral.young,24,240,10.0,0.0,10000.0,1.0,1.0,78.49400329589844,0.0
feature.Seral.young,25,250,10.0,0.0,10000.0,1.0,1.0,196.73599243164062,0.0
feature.Seral.young,26,260,10.0,0.0,10000.0,1.0,1.0,161.13099670410156,0.0
feature.Seral.young,27,270,10.0,0.0,10000.0,1.0,1.0,130.30499267578125,0.0
feature.Seral.young,28,280,10.0,0.0,10000.0,1.0,1.0,190.2429962158203,0.0
feature.Seral.young,29,290,10.0,0.0,10000.0,1.0,1.0,206.32699584960938,0.0
feature.Seral.young,30,300,10.0,0.0,10000.0,1.0,1.0,258.3479919433594,0.0
