TARGET,PERIOD,YEAR,PERIODWIDTH,MINIMUM,MAXIMUM,MINWEIGHT,MAXWEIGHT,CURRENT,SUMMARY
feature.Seral.immature,0,0,10.0,0.0,10000.0,1.0,1.0,1158.89501953125,0.0
feature.Seral.immature,1,10,10.0,0.0,10000.0,1.0,1.0,1131.574951171875,0.0
feature.Seral.immature,2,20,10.0,0.0,10000.0,1.0,1.0,1001.5460205078125,0.0
feature.Seral.immature,3,30,10.0,0.0,10000.0,1.0,1.0,883.281982421875,0.0
feature.Seral.immature,4,40,10.0,0.0,10000.0,1.0,1.0,631.7960205078125,0.0
feature.Seral.immature,5,50,10.0,0.0,10000.0,1.0,1.0,316.2659912109375,0.0
feature.Seral.immature,6,60,10.0,0.0,10000.0,1.0,1.0,151.49600219726562,0.0
feature.Seral.immature,7,70,10.0,0.0,10000.0,1.0,1.0,114.39199829101562,0.0
feature.Seral.immature,8,80,10.0,0.0,10000.0,1.0,1.0,113.78199768066406,0.0
feature.Seral.immature,9,90,10.0,0.0,10000.0,1.0,1.0,134.26199340820312,0.0
feature.Seral.immature,10,100,10.0,0.0,10000.0,1.0,1.0,215.9550018310547,0.0
feature.Seral.immature,11,110,10.0,0.0,10000.0,1.0,1.0,231.4499969482422,0.0
feature.Seral.immature,12,120,10.0,0.0,10000.0,1.0,1.0,230.4929962158203,0.0
feature.Seral.immature,13,130,10.0,0.0,10000.0,1.0,1.0,243.33399963378906,0.0
feature.Seral.immature,14,140,10.0,0.0,10000.0,1.0,1.0,249.78399658203125,0.0
feature.Seral.immature,15,150,10.0,0.0,10000.0,1.0,1.0,235.68499755859375,0.0
feature.Seral.immature,16,160,10.0,0.0,10000.0,1.0,1.0,201.50900268554688,0.0
feature.Seral.immature,17,170,10.0,0.0,10000.0,1.0,1.0,150.04299926757812,0.0
feature.Seral.immature,18,180,10.0,0.0,10000.0,1.0,1.0,184.56300354003906,0.0
feature.Seral.immature,19,190,10.0,0.0,10000.0,1.0,1.0,202.55299377441406,0.0
feature.Seral.immature,20,200,10.0,0.0,10000.0,1.0,1.0,244.2239990234375,0.0
feature.Seral.immature,21,210,10.0,0.0,10000.0,1.0,1.0,259.6929931640625,0.0
feature.Seral.immature,22,220,10.0,0.0,10000.0,1.0,1.0,252.7050018310547,0.0
feature.Seral.immature,23,230,10.0,0.0,10000.0,1.0,1.0,248.0,0.0
feature.Seral.immature,24,240,10.0,0.0,10000.0,1.0,1.0,261.51300048828125,0.0
feature.Seral.immature,25,250,10.0,0.0,10000.0,1.0,1.0,231.36599731445312,0.0
feature.Seral.immature,26,260,10.0,0.0,10000.0,1.0,1.0,262.75,0.0
feature.Seral.immature,27,270,10.0,0.0,10000.0,1.0,1.0,342.1419982910156,0.0
feature.Seral.immature,28,280,10.0,0.0,10000.0,1.0,1.0,354.02301025390625,0.0
feature.Seral.immature,29,290,10.0,0.0,10000.0,1.0,1.0,386.2699890136719,0.0
feature.Seral.immature,30,300,10.0,0.0,10000.0,1.0,1.0,482.0010070800781,0.0
