TARGET,PERIOD,YEAR,PERIODWIDTH,MINIMUM,MAXIMUM,MINWEIGHT,MAXWEIGHT,CURRENT,SUMMARY
patch.harvested.0_10.size,0,0,10.0,0.0,100.0,1.0,1.0,0.0,0.0
patch.harvested.0_10.size,1,10,10.0,0.0,100.0,1.0,1.0,9.544171333312988,0.0
patch.harvested.0_10.size,2,20,10.0,0.0,100.0,1.0,1.0,0.0,0.0
patch.harvested.0_10.size,3,30,10.0,0.0,100.0,1.0,1.0,14.029973983764648,0.0
patch.harvested.0_10.size,4,40,10.0,0.0,100.0,1.0,1.0,9.141549110412598,0.0
patch.harvested.0_10.size,5,50,10.0,0.0,100.0,1.0,1.0,16.9466552734375,0.0
patch.harvested.0_10.size,6,60,10.0,0.0,100.0,1.0,1.0,2.3296515941619873,0.0
patch.harvested.0_10.size,7,70,10.0,0.0,100.0,1.0,1.0,4.2880096435546875,0.0
patch.harvested.0_10.size,8,80,10.0,0.0,100.0,1.0,1.0,2.392576217651367,0.0
patch.harvested.0_10.size,9,90,10.0,0.0,100.0,1.0,1.0,4.458102226257324,0.0
patch.harvested.0_10.size,10,100,10.0,0.0,100.0,1.0,1.0,0.0,0.0
patch.harvested.0_10.size,11,110,10.0,0.0,100.0,1.0,1.0,0.0,0.0
patch.harvested.0_10.size,12,120,10.0,0.0,100.0,1.0,1.0,5.186138153076172,0.0
patch.harvested.0_10.size,13,130,10.0,0.0,100.0,1.0,1.0,13.273862838745117,0.0
patch.harvested.0_10.size,14,140,10.0,0.0,100.0,1.0,1.0,8.302620887756348,0.0
patch.harvested.0_10.size,15,150,10.0,0.0,100.0,1.0,1.0,0.0,0.0
patch.harvested.0_10.size,16,160,10.0,0.0,100.0,1.0,1.0,0.0,0.0
patch.harvested.0_10.size,17,170,10.0,0.0,100.0,1.0,1.0,0.0,0.0
patch.harvested.0_10.size,18,180,10.0,0.0,100.0,1.0,1.0,1.9138474464416504,0.0
patch.harvested.0_10.size,19,190,10.0,0.0,100.0,1.0,1.0,7.029807090759277,0.0
patch.harvested.0_10.size,20,200,10.0,0.0,100.0,1.0,1.0,5.974881649017334,0.0
patch.harvested.0_10.size,21,210,10.0,0.0,100.0,1.0,1.0,8.936518669128418,0.0
patch.harvested.0_10.size,22,220,10.0,0.0,100.0,1.0,1.0,11.999956130981445,0.0
patch.harvested.0_10.size,23,230,10.0,0.0,100.0,1.0,1.0,10.945804595947266,0.0
patch.harvested.0_10.size,24,240,10.0,0.0,100.0,1.0,1.0,2.095937967300415,0.0
patch.harvested.0_10.size,25,250,10.0,0.0,100.0,1.0,1.0,0.0,0.0
patch.harvested.0_10.size,26,260,10.0,0.0,100.0,1.0,1.0,5.519606113433838,0.0
patch.harvested.0_10.size,27,270,10.0,0.0,100.0,1.0,1.0,7.069182395935059,0.0
patch.harvested.0_10.size,28,280,10.0,0.0,100.0,1.0,1.0,7.714282512664795,0.0
patch.harvested.0_10.size,29,290,10.0,0.0,100.0,1.0,1.0,5.4250054359436035,0.0
patch.harvested.0_10.size,30,300,10.0,0.0,100.0,1.0,1.0,3.4439573287963867,0.0
