TARGET,PERIOD,YEAR,PERIODWIDTH,MINIMUM,MAXIMUM,MINWEIGHT,MAXWEIGHT,CURRENT,SUMMARY
patch.harvested.20_40.size,0,0,10.0,0.0,100.0,1.0,1.0,0.0,0.0
patch.harvested.20_40.size,1,10,10.0,0.0,100.0,1.0,1.0,41.17921829223633,0.0
patch.harvested.20_40.size,2,20,10.0,0.0,100.0,1.0,1.0,63.50844192504883,0.0
patch.harvested.20_40.size,3,30,10.0,0.0,100.0,1.0,1.0,73.36636352539062,0.0
patch.harvested.20_40.size,4,40,10.0,0.0,100.0,1.0,1.0,53.24203109741211,0.0
patch.harvested.20_40.size,5,50,10.0,0.0,100.0,1.0,1.0,62.81681442260742,0.0
patch.harvested.20_40.size,6,60,10.0,0.0,100.0,1.0,1.0,70.94186401367188,0.0
patch.harvested.20_40.size,7,70,10.0,0.0,100.0,1.0,1.0,64.35245513916016,0.0
patch.harvested.20_40.size,8,80,10.0,0.0,100.0,1.0,1.0,56.22941589355469,0.0
patch.harvested.20_40.size,9,90,10.0,0.0,100.0,1.0,1.0,62.976417541503906,0.0
patch.harvested.20_40.size,10,100,10.0,0.0,100.0,1.0,1.0,71.88719177246094,0.0
patch.harvested.20_40.size,11,110,10.0,0.0,100.0,1.0,1.0,72.35980224609375,0.0
patch.harvested.20_40.size,12,120,10.0,0.0,100.0,1.0,1.0,82.08570861816406,0.0
patch.harvested.20_40.size,13,130,10.0,0.0,100.0,1.0,1.0,67.20789337158203,0.0
patch.harvested.20_40.size,14,140,10.0,0.0,100.0,1.0,1.0,72.96013641357422,0.0
patch.harvested.20_40.size,15,150,10.0,0.0,100.0,1.0,1.0,90.96427154541016,0.0
patch.harvested.20_40.size,16,160,10.0,0.0,100.0,1.0,1.0,65.82856750488281,0.0
patch.harvested.20_40.size,17,170,10.0,0.0,100.0,1.0,1.0,71.94873809814453,0.0
patch.harvested.20_40.size,18,180,10.0,0.0,100.0,1.0,1.0,71.27967834472656,0.0
patch.harvested.20_40.size,19,190,10.0,0.0,100.0,1.0,1.0,0.0,0.0
patch.harvested.20_40.size,20,200,10.0,0.0,100.0,1.0,1.0,65.25325012207031,0.0
patch.harvested.20_40.size,21,210,10.0,0.0,100.0,1.0,1.0,91.06348419189453,0.0
patch.harvested.20_40.size,22,220,10.0,0.0,100.0,1.0,1.0,70.35498809814453,0.0
patch.harvested.20_40.size,23,230,10.0,0.0,100.0,1.0,1.0,25.859359741210938,0.0
patch.harvested.20_40.size,24,240,10.0,0.0,100.0,1.0,1.0,55.54574966430664,0.0
patch.harvested.20_40.size,25,250,10.0,0.0,100.0,1.0,1.0,78.9026870727539,0.0
patch.harvested.20_40.size,26,260,10.0,0.0,100.0,1.0,1.0,77.34088134765625,0.0
patch.harvested.20_40.size,27,270,10.0,0.0,100.0,1.0,1.0,78.07923889160156,0.0
patch.harvested.20_40.size,28,280,10.0,0.0,100.0,1.0,1.0,61.19231414794922,0.0
patch.harvested.20_40.size,29,290,10.0,0.0,100.0,1.0,1.0,60.70155334472656,0.0
patch.harvested.20_40.size,30,300,10.0,0.0,100.0,1.0,1.0,96.55604553222656,0.0
