TARGET,PERIOD,YEAR,PERIODWIDTH,MINIMUM,MAXIMUM,MINWEIGHT,MAXWEIGHT,CURRENT,SUMMARY
patch.harvested.20_40.size,0,0,10.0,0.0,100.0,1.0,1.0,0.0,0.0
patch.harvested.20_40.size,1,10,10.0,0.0,100.0,1.0,1.0,36.62631607055664,0.0
patch.harvested.20_40.size,2,20,10.0,0.0,100.0,1.0,1.0,71.5052719116211,0.0
patch.harvested.20_40.size,3,30,10.0,0.0,100.0,1.0,1.0,71.88743591308594,0.0
patch.harvested.20_40.size,4,40,10.0,0.0,100.0,1.0,1.0,32.43975830078125,0.0
patch.harvested.20_40.size,5,50,10.0,0.0,100.0,1.0,1.0,40.23456573486328,0.0
patch.harvested.20_40.size,6,60,10.0,0.0,100.0,1.0,1.0,63.05308532714844,0.0
patch.harvested.20_40.size,7,70,10.0,0.0,100.0,1.0,1.0,67.45661163330078,0.0
patch.harvested.20_40.size,8,80,10.0,0.0,100.0,1.0,1.0,67.40458679199219,0.0
patch.harvested.20_40.size,9,90,10.0,0.0,100.0,1.0,1.0,72.9886245727539,0.0
patch.harvested.20_40.size,10,100,10.0,0.0,100.0,1.0,1.0,78.1050033569336,0.0
patch.harvested.20_40.size,11,110,10.0,0.0,100.0,1.0,1.0,54.516319274902344,0.0
patch.harvested.20_40.size,12,120,10.0,0.0,100.0,1.0,1.0,50.091697692871094,0.0
patch.harvested.20_40.size,13,130,10.0,0.0,100.0,1.0,1.0,27.321735382080078,0.0
patch.harvested.20_40.size,14,140,10.0,0.0,100.0,1.0,1.0,74.60945129394531,0.0
patch.harvested.20_40.size,15,150,10.0,0.0,100.0,1.0,1.0,82.3564682006836,0.0
patch.harvested.20_40.size,16,160,10.0,0.0,100.0,1.0,1.0,66.60370635986328,0.0
patch.harvested.20_40.size,17,170,10.0,0.0,100.0,1.0,1.0,40.732906341552734,0.0
patch.harvested.20_40.size,18,180,10.0,0.0,100.0,1.0,1.0,97.88506317138672,0.0
patch.harvested.20_40.size,19,190,10.0,0.0,100.0,1.0,1.0,48.31830978393555,0.0
patch.harvested.20_40.size,20,200,10.0,0.0,100.0,1.0,1.0,55.63127899169922,0.0
patch.harvested.20_40.size,21,210,10.0,0.0,100.0,1.0,1.0,54.89890670776367,0.0
patch.harvested.20_40.size,22,220,10.0,0.0,100.0,1.0,1.0,43.27021026611328,0.0
patch.harvested.20_40.size,23,230,10.0,0.0,100.0,1.0,1.0,73.91119384765625,0.0
patch.harvested.20_40.size,24,240,10.0,0.0,100.0,1.0,1.0,78.56648254394531,0.0
patch.harvested.20_40.size,25,250,10.0,0.0,100.0,1.0,1.0,64.46499633789062,0.0
patch.harvested.20_40.size,26,260,10.0,0.0,100.0,1.0,1.0,76.5987319946289,0.0
patch.harvested.20_40.size,27,270,10.0,0.0,100.0,1.0,1.0,55.27190399169922,0.0
patch.harvested.20_40.size,28,280,10.0,0.0,100.0,1.0,1.0,84.32194519042969,0.0
patch.harvested.20_40.size,29,290,10.0,0.0,100.0,1.0,1.0,55.18638610839844,0.0
patch.harvested.20_40.size,30,300,10.0,0.0,100.0,1.0,1.0,72.7606201171875,0.0
