TARGET,PERIOD,YEAR,PERIODWIDTH,MINIMUM,MAXIMUM,MINWEIGHT,MAXWEIGHT,CURRENT,SUMMARY
product.Yield.managed.HW,0,0,10.0,0.0,10000.0,1.0,1.0,0.0,0.0
product.Yield.managed.HW,1,10,10.0,0.0,10000.0,1.0,1.0,80087.765625,0.0
product.Yield.managed.HW,2,20,10.0,0.0,10000.0,1.0,1.0,43600.3359375,0.0
product.Yield.managed.HW,3,30,10.0,0.0,10000.0,1.0,1.0,48854.40234375,0.0
product.Yield.managed.HW,4,40,10.0,0.0,10000.0,1.0,1.0,62471.25390625,0.0
product.Yield.managed.HW,5,50,10.0,0.0,10000.0,1.0,1.0,44010.33984375,0.0
product.Yield.managed.HW,6,60,10.0,0.0,10000.0,1.0,1.0,57464.7265625,0.0
product.Yield.managed.HW,7,70,10.0,0.0,10000.0,1.0,1.0,55490.17578125,0.0
product.Yield.managed.HW,8,80,10.0,0.0,10000.0,1.0,1.0,28472.15625,0.0
product.Yield.managed.HW,9,90,10.0,0.0,10000.0,1.0,1.0,32353.744140625,0.0
product.Yield.managed.HW,10,100,10.0,0.0,10000.0,1.0,1.0,14901.638671875,0.0
product.Yield.managed.HW,11,110,10.0,0.0,10000.0,1.0,1.0,7746.38720703125,0.0
product.Yield.managed.HW,12,120,10.0,0.0,10000.0,1.0,1.0,11643.392578125,0.0
product.Yield.managed.HW,13,130,10.0,0.0,10000.0,1.0,1.0,197.91000366210938,0.0
product.Yield.managed.HW,14,140,10.0,0.0,10000.0,1.0,1.0,2373.260986328125,0.0
product.Yield.managed.HW,15,150,10.0,0.0,10000.0,1.0,1.0,34258.19140625,0.0
product.Yield.managed.HW,16,160,10.0,0.0,10000.0,1.0,1.0,26995.271484375,0.0
product.Yield.managed.HW,17,170,10.0,0.0,10000.0,1.0,1.0,18973.3515625,0.0
product.Yield.managed.HW,18,180,10.0,0.0,10000.0,1.0,1.0,11200.7490234375,0.0
product.Yield.managed.HW,19,190,10.0,0.0,10000.0,1.0,1.0,1032.864013671875,0.0
product.Yield.managed.HW,20,200,10.0,0.0,10000.0,1.0,1.0,12525.93359375,0.0
product.Yield.managed.HW,21,210,10.0,0.0,10000.0,1.0,1.0,17728.69921875,0.0
product.Yield.managed.HW,22,220,10.0,0.0,10000.0,1.0,1.0,1871.6820068359375,0.0
product.Yield.managed.HW,23,230,10.0,0.0,10000.0,1.0,1.0,1140.5340576171875,0.0
product.Yield.managed.HW,24,240,10.0,0.0,10000.0,1.0,1.0,33978.42578125,0.0
product.Yield.managed.HW,25,250,10.0,0.0,10000.0,1.0,1.0,22519.61328125,0.0
product.Yield.managed.HW,26,260,10.0,0.0,10000.0,1.0,1.0,1681.6650390625,0.0
product.Yield.managed.HW,27,270,10.0,0.0,10000.0,1.0,1.0,29047.57421875,0.0
product.Yield.managed.HW,28,280,10.0,0.0,10000.0,1.0,1.0,1869.8590087890625,0.0
product.Yield.managed.HW,29,290,10.0,0.0,10000.0,1.0,1.0,16279.4814453125,0.0
product.Yield.managed.HW,30,300,10.0,0.0,10000.0,1.0,1.0,11335.0361328125,0.0
