TARGET,PERIOD,YEAR,PERIODWIDTH,MINIMUM,MAXIMUM,MINWEIGHT,MAXWEIGHT,CURRENT,SUMMARY
feature.Seral.immature,0,0,10.0,0.0,10000.0,1.0,1.0,1158.8929443359375,0.0
feature.Seral.immature,1,10,10.0,0.0,10000.0,1.0,1.0,1141.115966796875,0.0
feature.Seral.immature,2,20,10.0,0.0,10000.0,1.0,1.0,1108.8599853515625,0.0
feature.Seral.immature,3,30,10.0,0.0,10000.0,1.0,1.0,1162.2530517578125,0.0
feature.Seral.immature,4,40,10.0,0.0,10000.0,1.0,1.0,903.4240112304688,0.0
feature.Seral.immature,5,50,10.0,0.0,10000.0,1.0,1.0,595.4869995117188,0.0
feature.Seral.immature,6,60,10.0,0.0,10000.0,1.0,1.0,540.906005859375,0.0
feature.Seral.immature,7,70,10.0,0.0,10000.0,1.0,1.0,615.8369750976562,0.0
feature.Seral.immature,8,80,10.0,0.0,10000.0,1.0,1.0,649.9829711914062,0.0
feature.Seral.immature,9,90,10.0,0.0,10000.0,1.0,1.0,693.72900390625,0.0
feature.Seral.immature,10,100,10.0,0.0,10000.0,1.0,1.0,778.6519775390625,0.0
feature.Seral.immature,11,110,10.0,0.0,10000.0,1.0,1.0,770.2570190429688,0.0
feature.Seral.immature,12,120,10.0,0.0,10000.0,1.0,1.0,774.885986328125,0.0
feature.Seral.immature,13,130,10.0,0.0,10000.0,1.0,1.0,789.0789794921875,0.0
feature.Seral.immature,14,140,10.0,0.0,10000.0,1.0,1.0,806.7830200195312,0.0
feature.Seral.immature,15,150,10.0,0.0,10000.0,1.0,1.0,776.530029296875,0.0
feature.Seral.immature,16,160,10.0,0.0,10000.0,1.0,1.0,817.489013671875,0.0
feature.Seral.immature,17,170,10.0,0.0,10000.0,1.0,1.0,838.8779907226562,0.0
feature.Seral.immature,18,180,10.0,0.0,10000.0,1.0,1.0,814.64697265625,0.0
feature.Seral.immature,19,190,10.0,0.0,10000.0,1.0,1.0,821.3499755859375,0.0
feature.Seral.immature,20,200,10.0,0.0,10000.0,1.0,1.0,786.6480102539062,0.0
feature.Seral.immature,21,210,10.0,0.0,10000.0,1.0,1.0,783.9600219726562,0.0
feature.Seral.immature,22,220,10.0,0.0,10000.0,1.0,1.0,774.322021484375,0.0
feature.Seral.immature,23,230,10.0,0.0,10000.0,1.0,1.0,788.22998046875,0.0
feature.Seral.immature,24,240,10.0,0.0,10000.0,1.0,1.0,802.4019775390625,0.0
feature.Seral.immature,25,250,10.0,0.0,10000.0,1.0,1.0,782.3989868164062,0.0
feature.Seral.immature,26,260,10.0,0.0,10000.0,1.0,1.0,784.2059936523438,0.0
feature.Seral.immature,27,270,10.0,0.0,10000.0,1.0,1.0,812.1339721679688,0.0
feature.Seral.immature,28,280,10.0,0.0,10000.0,1.0,1.0,831.5239868164062,0.0
feature.Seral.immature,29,290,10.0,0.0,10000.0,1.0,1.0,829.7069702148438,0.0
feature.Seral.immature,30,300,10.0,0.0,10000.0,1.0,1.0,756.3569946289062,0.0
