TARGET,PERIOD,YEAR,PERIODWIDTH,MINIMUM,MAXIMUM,MINWEIGHT,MAXWEIGHT,CURRENT,SUMMARY
feature.Yield.managed.FDC,0,0,10.0,0.0,10000.0,1.0,1.0,197264.109375,0.0
feature.Yield.managed.FDC,1,10,10.0,0.0,10000.0,1.0,1.0,237149.125,0.0
feature.Yield.managed.FDC,2,20,10.0,0.0,10000.0,1.0,1.0,274512.0,0.0
feature.Yield.managed.FDC,3,30,10.0,0.0,10000.0,1.0,1.0,300321.65625,0.0
feature.Yield.managed.FDC,4,40,10.0,0.0,10000.0,1.0,1.0,290219.375,0.0
feature.Yield.managed.FDC,5,50,10.0,0.0,10000.0,1.0,1.0,289406.25,0.0
feature.Yield.managed.FDC,6,60,10.0,0.0,10000.0,1.0,1.0,274972.78125,0.0
feature.Yield.managed.FDC,7,70,10.0,0.0,10000.0,1.0,1.0,273026.4375,0.0
feature.Yield.managed.FDC,8,80,10.0,0.0,10000.0,1.0,1.0,263875.09375,0.0
feature.Yield.managed.FDC,9,90,10.0,0.0,10000.0,1.0,1.0,249581.921875,0.0
feature.Yield.managed.FDC,10,100,10.0,0.0,10000.0,1.0,1.0,257741.828125,0.0
feature.Yield.managed.FDC,11,110,10.0,0.0,10000.0,1.0,1.0,262157.8125,0.0
feature.Yield.managed.FDC,12,120,10.0,0.0,10000.0,1.0,1.0,263197.6875,0.0
feature.Yield.managed.FDC,13,130,10.0,0.0,10000.0,1.0,1.0,259131.640625,0.0
feature.Yield.managed.FDC,14,140,10.0,0.0,10000.0,1.0,1.0,243782.40625,0.0
feature.Yield.managed.FDC,15,150,10.0,0.0,10000.0,1.0,1.0,254101.59375,0.0
feature.Yield.managed.FDC,16,160,10.0,0.0,10000.0,1.0,1.0,236094.71875,0.0
feature.Yield.managed.FDC,17,170,10.0,0.0,10000.0,1.0,1.0,244276.453125,0.0
feature.Yield.managed.FDC,18,180,10.0,0.0,10000.0,1.0,1.0,242302.75,0.0
feature.Yield.managed.FDC,19,190,10.0,0.0,10000.0,1.0,1.0,241644.15625,0.0
feature.Yield.managed.FDC,20,200,10.0,0.0,10000.0,1.0,1.0,253236.25,0.0
feature.Yield.managed.FDC,21,210,10.0,0.0,10000.0,1.0,1.0,245046.578125,0.0
feature.Yield.managed.FDC,22,220,10.0,0.0,10000.0,1.0,1.0,227896.4375,0.0
feature.Yield.managed.FDC,23,230,10.0,0.0,10000.0,1.0,1.0,217425.890625,0.0
feature.Yield.managed.FDC,24,240,10.0,0.0,10000.0,1.0,1.0,232260.875,0.0
feature.Yield.managed.FDC,25,250,10.0,0.0,10000.0,1.0,1.0,220422.75,0.0
feature.Yield.managed.FDC,26,260,10.0,0.0,10000.0,1.0,1.0,226362.203125,0.0
feature.Yield.managed.FDC,27,270,10.0,0.0,10000.0,1.0,1.0,226058.671875,0.0
feature.Yield.managed.FDC,28,280,10.0,0.0,10000.0,1.0,1.0,223354.453125,0.0
feature.Yield.managed.FDC,29,290,10.0,0.0,10000.0,1.0,1.0,226321.015625,0.0
feature.Yield.managed.FDC,30,300,10.0,0.0,10000.0,1.0,1.0,227712.015625,0.0
