TARGET,PERIOD,YEAR,PERIODWIDTH,MINIMUM,MAXIMUM,MINWEIGHT,MAXWEIGHT,CURRENT,SUMMARY
feature.Seral.young,0,0,10.0,0.0,10000.0,1.0,1.0,0.0,0.0
feature.Seral.young,1,10,10.0,0.0,10000.0,1.0,1.0,46.7130012512207,0.0
feature.Seral.young,2,20,10.0,0.0,10000.0,1.0,1.0,178.38600158691406,0.0
feature.Seral.young,3,30,10.0,0.0,10000.0,1.0,1.0,254.7689971923828,0.0
feature.Seral.young,4,40,10.0,0.0,10000.0,1.0,1.0,203.5399932861328,0.0
feature.Seral.young,5,50,10.0,0.0,10000.0,1.0,1.0,200.07400512695312,0.0
feature.Seral.young,6,60,10.0,0.0,10000.0,1.0,1.0,164.81900024414062,0.0
feature.Seral.young,7,70,10.0,0.0,10000.0,1.0,1.0,141.91000366210938,0.0
feature.Seral.young,8,80,10.0,0.0,10000.0,1.0,1.0,226.4459991455078,0.0
feature.Seral.young,9,90,10.0,0.0,10000.0,1.0,1.0,250.23399353027344,0.0
feature.Seral.young,10,100,10.0,0.0,10000.0,1.0,1.0,213.20799255371094,0.0
feature.Seral.young,11,110,10.0,0.0,10000.0,1.0,1.0,163.78599548339844,0.0
feature.Seral.young,12,120,10.0,0.0,10000.0,1.0,1.0,157.36700439453125,0.0
feature.Seral.young,13,130,10.0,0.0,10000.0,1.0,1.0,224.69900512695312,0.0
feature.Seral.young,14,140,10.0,0.0,10000.0,1.0,1.0,221.87100219726562,0.0
feature.Seral.young,15,150,10.0,0.0,10000.0,1.0,1.0,239.57699584960938,0.0
feature.Seral.young,16,160,10.0,0.0,10000.0,1.0,1.0,261.1659851074219,0.0
feature.Seral.young,17,170,10.0,0.0,10000.0,1.0,1.0,166.82699584960938,0.0
feature.Seral.young,18,180,10.0,0.0,10000.0,1.0,1.0,143.76499938964844,0.0
feature.Seral.young,19,190,10.0,0.0,10000.0,1.0,1.0,233.31900024414062,0.0
feature.Seral.young,20,200,10.0,0.0,10000.0,1.0,1.0,246.72500610351562,0.0
feature.Seral.young,21,210,10.0,0.0,10000.0,1.0,1.0,144.06399536132812,0.0
feature.Seral.young,22,220,10.0,0.0,10000.0,1.0,1.0,214.05599975585938,0.0
feature.Seral.young,23,230,10.0,0.0,10000.0,1.0,1.0,261.4320068359375,0.0
feature.Seral.young,24,240,10.0,0.0,10000.0,1.0,1.0,214.46099853515625,0.0
feature.Seral.young,25,250,10.0,0.0,10000.0,1.0,1.0,207.0800018310547,0.0
feature.Seral.young,26,260,10.0,0.0,10000.0,1.0,1.0,279.07501220703125,0.0
feature.Seral.young,27,270,10.0,0.0,10000.0,1.0,1.0,246.39500427246094,0.0
feature.Seral.young,28,280,10.0,0.0,10000.0,1.0,1.0,159.0019989013672,0.0
feature.Seral.young,29,290,10.0,0.0,10000.0,1.0,1.0,244.3459930419922,0.0
feature.Seral.young,30,300,10.0,0.0,10000.0,1.0,1.0,196.98899841308594,0.0
