TARGET,PERIOD,YEAR,PERIODWIDTH,MINIMUM,MAXIMUM,MINWEIGHT,MAXWEIGHT,CURRENT,SUMMARY
feature.Yield.managed.HW,0,0,10.0,0.0,10000.0,1.0,1.0,506490.21875,0.0
feature.Yield.managed.HW,1,10,10.0,0.0,10000.0,1.0,1.0,502420.0,0.0
feature.Yield.managed.HW,2,20,10.0,0.0,10000.0,1.0,1.0,491168.3125,0.0
feature.Yield.managed.HW,3,30,10.0,0.0,10000.0,1.0,1.0,483912.96875,0.0
feature.Yield.managed.HW,4,40,10.0,0.0,10000.0,1.0,1.0,490228.8125,0.0
feature.Yield.managed.HW,5,50,10.0,0.0,10000.0,1.0,1.0,461470.40625,0.0
feature.Yield.managed.HW,6,60,10.0,0.0,10000.0,1.0,1.0,443393.1875,0.0
feature.Yield.managed.HW,7,70,10.0,0.0,10000.0,1.0,1.0,426883.9375,0.0
feature.Yield.managed.HW,8,80,10.0,0.0,10000.0,1.0,1.0,418886.96875,0.0
feature.Yield.managed.HW,9,90,10.0,0.0,10000.0,1.0,1.0,423772.84375,0.0
feature.Yield.managed.HW,10,100,10.0,0.0,10000.0,1.0,1.0,409962.21875,0.0
feature.Yield.managed.HW,11,110,10.0,0.0,10000.0,1.0,1.0,393820.03125,0.0
feature.Yield.managed.HW,12,120,10.0,0.0,10000.0,1.0,1.0,392695.1875,0.0
feature.Yield.managed.HW,13,130,10.0,0.0,10000.0,1.0,1.0,393495.125,0.0
feature.Yield.managed.HW,14,140,10.0,0.0,10000.0,1.0,1.0,402764.0,0.0
feature.Yield.managed.HW,15,150,10.0,0.0,10000.0,1.0,1.0,388467.78125,0.0
feature.Yield.managed.HW,16,160,10.0,0.0,10000.0,1.0,1.0,401167.96875,0.0
feature.Yield.managed.HW,17,170,10.0,0.0,10000.0,1.0,1.0,389488.65625,0.0
feature.Yield.managed.HW,18,180,10.0,0.0,10000.0,1.0,1.0,387051.1875,0.0
feature.Yield.managed.HW,19,190,10.0,0.0,10000.0,1.0,1.0,386987.71875,0.0
feature.Yield.managed.HW,20,200,10.0,0.0,10000.0,1.0,1.0,375896.625,0.0
feature.Yield.managed.HW,21,210,10.0,0.0,10000.0,1.0,1.0,381302.625,0.0
feature.Yield.managed.HW,22,220,10.0,0.0,10000.0,1.0,1.0,393565.15625,0.0
feature.Yield.managed.HW,23,230,10.0,0.0,10000.0,1.0,1.0,399717.375,0.0
feature.Yield.managed.HW,24,240,10.0,0.0,10000.0,1.0,1.0,386663.78125,0.0
feature.Yield.managed.HW,25,250,10.0,0.0,10000.0,1.0,1.0,394027.46875,0.0
feature.Yield.managed.HW,26,260,10.0,0.0,10000.0,1.0,1.0,385919.625,0.0
feature.Yield.managed.HW,27,270,10.0,0.0,10000.0,1.0,1.0,384604.1875,0.0
feature.Yield.managed.HW,28,280,10.0,0.0,10000.0,1.0,1.0,384838.28125,0.0
feature.Yield.managed.HW,29,290,10.0,0.0,10000.0,1.0,1.0,380880.25,0.0
feature.Yield.managed.HW,30,300,10.0,0.0,10000.0,1.0,1.0,378403.8125,0.0
