TARGET,PERIOD,YEAR,PERIODWIDTH,MINIMUM,MAXIMUM,MINWEIGHT,MAXWEIGHT,CURRENT,SUMMARY
patch.harvested.10_20.shape,0,0,10.0,0.0,100.0,1.0,1.0,0.0,100.0
patch.harvested.10_20.shape,1,10,10.0,0.0,100.0,1.0,1.0,0.0,100.0
patch.harvested.10_20.shape,2,20,10.0,0.0,100.0,1.0,1.0,0.0,100.0
patch.harvested.10_20.shape,3,30,10.0,0.0,100.0,1.0,1.0,0.0,100.0
patch.harvested.10_20.shape,4,40,10.0,0.0,100.0,1.0,1.0,2.4200000762939453,100.0
patch.harvested.10_20.shape,5,50,10.0,0.0,100.0,1.0,1.0,0.0,100.0
patch.harvested.10_20.shape,6,60,10.0,0.0,100.0,1.0,1.0,3.0226666927337646,100.0
patch.harvested.10_20.shape,7,70,10.0,0.0,100.0,1.0,1.0,1.3569999933242798,100.0
patch.harvested.10_20.shape,8,80,10.0,0.0,100.0,1.0,1.0,2.2039999961853027,100.0
patch.harvested.10_20.shape,9,90,10.0,0.0,100.0,1.0,1.0,3.8450000286102295,100.0
patch.harvested.10_20.shape,10,100,10.0,0.0,100.0,1.0,1.0,2.7300000190734863,100.0
patch.harvested.10_20.shape,11,110,10.0,0.0,100.0,1.0,1.0,0.0,100.0
patch.harvested.10_20.shape,12,120,10.0,0.0,100.0,1.0,1.0,0.0,100.0
patch.harvested.10_20.shape,13,130,10.0,0.0,100.0,1.0,1.0,1.781000018119812,100.0
patch.harvested.10_20.shape,14,140,10.0,0.0,100.0,1.0,1.0,0.0,100.0
patch.harvested.10_20.shape,15,150,10.0,0.0,100.0,1.0,1.0,2.3589999675750732,100.0
patch.harvested.10_20.shape,16,160,10.0,0.0,100.0,1.0,1.0,0.0,100.0
patch.harvested.10_20.shape,17,170,10.0,0.0,100.0,1.0,1.0,2.265000104904175,100.0
patch.harvested.10_20.shape,18,180,10.0,0.0,100.0,1.0,1.0,0.0,100.0
patch.harvested.10_20.shape,19,190,10.0,0.0,100.0,1.0,1.0,0.0,100.0
patch.harvested.10_20.shape,20,200,10.0,0.0,100.0,1.0,1.0,2.5230000019073486,100.0
patch.harvested.10_20.shape,21,210,10.0,0.0,100.0,1.0,1.0,1.8650000095367432,100.0
patch.harvested.10_20.shape,22,220,10.0,0.0,100.0,1.0,1.0,0.0,100.0
patch.harvested.10_20.shape,23,230,10.0,0.0,100.0,1.0,1.0,2.0255000591278076,100.0
patch.harvested.10_20.shape,24,240,10.0,0.0,100.0,1.0,1.0,2.4693334102630615,100.0
patch.harvested.10_20.shape,25,250,10.0,0.0,100.0,1.0,1.0,2.381999969482422,100.0
patch.harvested.10_20.shape,26,260,10.0,0.0,100.0,1.0,1.0,0.0,100.0
patch.harvested.10_20.shape,27,270,10.0,0.0,100.0,1.0,1.0,0.0,100.0
patch.harvested.10_20.shape,28,280,10.0,0.0,100.0,1.0,1.0,0.0,100.0
patch.harvested.10_20.shape,29,290,10.0,0.0,100.0,1.0,1.0,2.2039999961853027,100.0
patch.harvested.10_20.shape,30,300,10.0,0.0,100.0,1.0,1.0,1.3569999933242798,100.0
