TARGET,PERIOD,YEAR,PERIODWIDTH,MINIMUM,MAXIMUM,MINWEIGHT,MAXWEIGHT,CURRENT,SUMMARY
patch.harvested.0_10.size,0,0,10.0,0.0,100.0,1.0,1.0,0.0,0.0
patch.harvested.0_10.size,1,10,10.0,0.0,100.0,1.0,1.0,0.0,0.0
patch.harvested.0_10.size,2,20,10.0,0.0,100.0,1.0,1.0,0.0,0.0
patch.harvested.0_10.size,3,30,10.0,0.0,100.0,1.0,1.0,8.079410552978516,0.0
patch.harvested.0_10.size,4,40,10.0,0.0,100.0,1.0,1.0,10.319425582885742,0.0
patch.harvested.0_10.size,5,50,10.0,0.0,100.0,1.0,1.0,5.832768440246582,0.0
patch.harvested.0_10.size,6,60,10.0,0.0,100.0,1.0,1.0,0.0,0.0
patch.harvested.0_10.size,7,70,10.0,0.0,100.0,1.0,1.0,3.4628899097442627,0.0
patch.harvested.0_10.size,8,80,10.0,0.0,100.0,1.0,1.0,6.6299004554748535,0.0
patch.harvested.0_10.size,9,90,10.0,0.0,100.0,1.0,1.0,8.916104316711426,0.0
patch.harvested.0_10.size,10,100,10.0,0.0,100.0,1.0,1.0,1.8981359004974365,0.0
patch.harvested.0_10.size,11,110,10.0,0.0,100.0,1.0,1.0,0.9135054349899292,0.0
patch.harvested.0_10.size,12,120,10.0,0.0,100.0,1.0,1.0,0.0,0.0
patch.harvested.0_10.size,13,130,10.0,0.0,100.0,1.0,1.0,2.8074865341186523,0.0
patch.harvested.0_10.size,14,140,10.0,0.0,100.0,1.0,1.0,3.168855667114258,0.0
patch.harvested.0_10.size,15,150,10.0,0.0,100.0,1.0,1.0,0.0,0.0
patch.harvested.0_10.size,16,160,10.0,0.0,100.0,1.0,1.0,9.044868469238281,0.0
patch.harvested.0_10.size,17,170,10.0,0.0,100.0,1.0,1.0,7.024870872497559,0.0
patch.harvested.0_10.size,18,180,10.0,0.0,100.0,1.0,1.0,2.5624961853027344,0.0
patch.harvested.0_10.size,19,190,10.0,0.0,100.0,1.0,1.0,3.205471992492676,0.0
patch.harvested.0_10.size,20,200,10.0,0.0,100.0,1.0,1.0,6.923677921295166,0.0
patch.harvested.0_10.size,21,210,10.0,0.0,100.0,1.0,1.0,0.0,0.0
patch.harvested.0_10.size,22,220,10.0,0.0,100.0,1.0,1.0,3.407825231552124,0.0
patch.harvested.0_10.size,23,230,10.0,0.0,100.0,1.0,1.0,7.0524749755859375,0.0
patch.harvested.0_10.size,24,240,10.0,0.0,100.0,1.0,1.0,7.511003494262695,0.0
patch.harvested.0_10.size,25,250,10.0,0.0,100.0,1.0,1.0,0.0,0.0
patch.harvested.0_10.size,26,260,10.0,0.0,100.0,1.0,1.0,5.563541412353516,0.0
patch.harvested.0_10.size,27,270,10.0,0.0,100.0,1.0,1.0,5.440819263458252,0.0
patch.harvested.0_10.size,28,280,10.0,0.0,100.0,1.0,1.0,6.168078899383545,0.0
patch.harvested.0_10.size,29,290,10.0,0.0,100.0,1.0,1.0,2.6326942443847656,0.0
patch.harvested.0_10.size,30,300,10.0,0.0,100.0,1.0,1.0,3.4007186889648438,0.0
