TARGET,PERIOD,YEAR,PERIODWIDTH,MINIMUM,MAXIMUM,MINWEIGHT,MAXWEIGHT,CURRENT,SUMMARY
patch.harvested.10_20.shape,0,0,10.0,0.0,100.0,1.0,1.0,0.0,100.0
patch.harvested.10_20.shape,1,10,10.0,0.0,100.0,1.0,1.0,2.0250000953674316,100.0
patch.harvested.10_20.shape,2,20,10.0,0.0,100.0,1.0,1.0,2.577500104904175,100.0
patch.harvested.10_20.shape,3,30,10.0,0.0,100.0,1.0,1.0,1.406999945640564,100.0
patch.harvested.10_20.shape,4,40,10.0,0.0,100.0,1.0,1.0,2.629499912261963,100.0
patch.harvested.10_20.shape,5,50,10.0,0.0,100.0,1.0,1.0,2.427999973297119,100.0
patch.harvested.10_20.shape,6,60,10.0,0.0,100.0,1.0,1.0,1.3860000371932983,100.0
patch.harvested.10_20.shape,7,70,10.0,0.0,100.0,1.0,1.0,1.930999994277954,100.0
patch.harvested.10_20.shape,8,80,10.0,0.0,100.0,1.0,1.0,0.0,100.0
patch.harvested.10_20.shape,9,90,10.0,0.0,100.0,1.0,1.0,0.0,100.0
patch.harvested.10_20.shape,10,100,10.0,0.0,100.0,1.0,1.0,0.0,100.0
patch.harvested.10_20.shape,11,110,10.0,0.0,100.0,1.0,1.0,2.1989998817443848,100.0
patch.harvested.10_20.shape,12,120,10.0,0.0,100.0,1.0,1.0,2.1070001125335693,100.0
patch.harvested.10_20.shape,13,130,10.0,0.0,100.0,1.0,1.0,1.781000018119812,100.0
patch.harvested.10_20.shape,14,140,10.0,0.0,100.0,1.0,1.0,2.7300000190734863,100.0
patch.harvested.10_20.shape,15,150,10.0,0.0,100.0,1.0,1.0,2.124000072479248,100.0
patch.harvested.10_20.shape,16,160,10.0,0.0,100.0,1.0,1.0,0.0,100.0
patch.harvested.10_20.shape,17,170,10.0,0.0,100.0,1.0,1.0,0.0,100.0
patch.harvested.10_20.shape,18,180,10.0,0.0,100.0,1.0,1.0,1.6109999418258667,100.0
patch.harvested.10_20.shape,19,190,10.0,0.0,100.0,1.0,1.0,2.382999897003174,100.0
patch.harvested.10_20.shape,20,200,10.0,0.0,100.0,1.0,1.0,1.8860000371932983,100.0
patch.harvested.10_20.shape,21,210,10.0,0.0,100.0,1.0,1.0,1.781000018119812,100.0
patch.harvested.10_20.shape,22,220,10.0,0.0,100.0,1.0,1.0,1.3569999933242798,100.0
patch.harvested.10_20.shape,23,230,10.0,0.0,100.0,1.0,1.0,0.0,100.0
patch.harvested.10_20.shape,24,240,10.0,0.0,100.0,1.0,1.0,0.0,100.0
patch.harvested.10_20.shape,25,250,10.0,0.0,100.0,1.0,1.0,2.5280001163482666,100.0
patch.harvested.10_20.shape,26,260,10.0,0.0,100.0,1.0,1.0,1.9924999475479126,100.0
patch.harvested.10_20.shape,27,270,10.0,0.0,100.0,1.0,1.0,2.739000082015991,100.0
patch.harvested.10_20.shape,28,280,10.0,0.0,100.0,1.0,1.0,0.0,100.0
patch.harvested.10_20.shape,29,290,10.0,0.0,100.0,1.0,1.0,0.0,100.0
patch.harvested.10_20.shape,30,300,10.0,0.0,100.0,1.0,1.0,2.3415000438690186,100.0
