TARGET,PERIOD,YEAR,PERIODWIDTH,MINIMUM,MAXIMUM,MINWEIGHT,MAXWEIGHT,CURRENT,SUMMARY
patch.harvested.10_20.size,0,0,10.0,0.0,100.0,1.0,1.0,0.0,0.0
patch.harvested.10_20.size,1,10,10.0,0.0,100.0,1.0,1.0,30.392587661743164,0.0
patch.harvested.10_20.size,2,20,10.0,0.0,100.0,1.0,1.0,32.748199462890625,0.0
patch.harvested.10_20.size,3,30,10.0,0.0,100.0,1.0,1.0,14.936253547668457,0.0
patch.harvested.10_20.size,4,40,10.0,0.0,100.0,1.0,1.0,38.30448532104492,0.0
patch.harvested.10_20.size,5,50,10.0,0.0,100.0,1.0,1.0,16.845197677612305,0.0
patch.harvested.10_20.size,6,60,10.0,0.0,100.0,1.0,1.0,20.28357696533203,0.0
patch.harvested.10_20.size,7,70,10.0,0.0,100.0,1.0,1.0,13.666017532348633,0.0
patch.harvested.10_20.size,8,80,10.0,0.0,100.0,1.0,1.0,0.0,0.0
patch.harvested.10_20.size,9,90,10.0,0.0,100.0,1.0,1.0,0.0,0.0
patch.harvested.10_20.size,10,100,10.0,0.0,100.0,1.0,1.0,0.0,0.0
patch.harvested.10_20.size,11,110,10.0,0.0,100.0,1.0,1.0,20.451705932617188,0.0
patch.harvested.10_20.size,12,120,10.0,0.0,100.0,1.0,1.0,43.493160247802734,0.0
patch.harvested.10_20.size,13,130,10.0,0.0,100.0,1.0,1.0,20.37203025817871,0.0
patch.harvested.10_20.size,14,140,10.0,0.0,100.0,1.0,1.0,9.465678215026855,0.0
patch.harvested.10_20.size,15,150,10.0,0.0,100.0,1.0,1.0,13.18773078918457,0.0
patch.harvested.10_20.size,16,160,10.0,0.0,100.0,1.0,1.0,0.0,0.0
patch.harvested.10_20.size,17,170,10.0,0.0,100.0,1.0,1.0,0.0,0.0
patch.harvested.10_20.size,18,180,10.0,0.0,100.0,1.0,1.0,10.02851390838623,0.0
patch.harvested.10_20.size,19,190,10.0,0.0,100.0,1.0,1.0,16.594202041625977,0.0
patch.harvested.10_20.size,20,200,10.0,0.0,100.0,1.0,1.0,16.064990997314453,0.0
patch.harvested.10_20.size,21,210,10.0,0.0,100.0,1.0,1.0,17.050132751464844,0.0
patch.harvested.10_20.size,22,220,10.0,0.0,100.0,1.0,1.0,17.838075637817383,0.0
patch.harvested.10_20.size,23,230,10.0,0.0,100.0,1.0,1.0,0.0,0.0
patch.harvested.10_20.size,24,240,10.0,0.0,100.0,1.0,1.0,0.0,0.0
patch.harvested.10_20.size,25,250,10.0,0.0,100.0,1.0,1.0,10.457015037536621,0.0
patch.harvested.10_20.size,26,260,10.0,0.0,100.0,1.0,1.0,32.72755432128906,0.0
patch.harvested.10_20.size,27,270,10.0,0.0,100.0,1.0,1.0,12.940651893615723,0.0
patch.harvested.10_20.size,28,280,10.0,0.0,100.0,1.0,1.0,0.0,0.0
patch.harvested.10_20.size,29,290,10.0,0.0,100.0,1.0,1.0,0.0,0.0
patch.harvested.10_20.size,30,300,10.0,0.0,100.0,1.0,1.0,22.065597534179688,0.0
