TARGET,PERIOD,YEAR,PERIODWIDTH,MINIMUM,MAXIMUM,MINWEIGHT,MAXWEIGHT,CURRENT,SUMMARY
patch.harvested.0_10.size,0,0,10.0,0.0,100.0,1.0,1.0,0.0,0.0
patch.harvested.0_10.size,1,10,10.0,0.0,100.0,1.0,1.0,9.854689598083496,0.0
patch.harvested.0_10.size,2,20,10.0,0.0,100.0,1.0,1.0,10.031164169311523,0.0
patch.harvested.0_10.size,3,30,10.0,0.0,100.0,1.0,1.0,5.5529704093933105,0.0
patch.harvested.0_10.size,4,40,10.0,0.0,100.0,1.0,1.0,6.733778953552246,0.0
patch.harvested.0_10.size,5,50,10.0,0.0,100.0,1.0,1.0,6.644941329956055,0.0
patch.harvested.0_10.size,6,60,10.0,0.0,100.0,1.0,1.0,0.0,0.0
patch.harvested.0_10.size,7,70,10.0,0.0,100.0,1.0,1.0,5.92315149307251,0.0
patch.harvested.0_10.size,8,80,10.0,0.0,100.0,1.0,1.0,6.029058933258057,0.0
patch.harvested.0_10.size,9,90,10.0,0.0,100.0,1.0,1.0,8.300281524658203,0.0
patch.harvested.0_10.size,10,100,10.0,0.0,100.0,1.0,1.0,4.341850757598877,0.0
patch.harvested.0_10.size,11,110,10.0,0.0,100.0,1.0,1.0,9.580984115600586,0.0
patch.harvested.0_10.size,12,120,10.0,0.0,100.0,1.0,1.0,9.447134971618652,0.0
patch.harvested.0_10.size,13,130,10.0,0.0,100.0,1.0,1.0,12.892226219177246,0.0
patch.harvested.0_10.size,14,140,10.0,0.0,100.0,1.0,1.0,0.0,0.0
patch.harvested.0_10.size,15,150,10.0,0.0,100.0,1.0,1.0,3.1766626834869385,0.0
patch.harvested.0_10.size,16,160,10.0,0.0,100.0,1.0,1.0,6.164001941680908,0.0
patch.harvested.0_10.size,17,170,10.0,0.0,100.0,1.0,1.0,2.4266507625579834,0.0
patch.harvested.0_10.size,18,180,10.0,0.0,100.0,1.0,1.0,8.904031753540039,0.0
patch.harvested.0_10.size,19,190,10.0,0.0,100.0,1.0,1.0,9.156492233276367,0.0
patch.harvested.0_10.size,20,200,10.0,0.0,100.0,1.0,1.0,5.144495964050293,0.0
patch.harvested.0_10.size,21,210,10.0,0.0,100.0,1.0,1.0,0.0,0.0
patch.harvested.0_10.size,22,220,10.0,0.0,100.0,1.0,1.0,10.176258087158203,0.0
patch.harvested.0_10.size,23,230,10.0,0.0,100.0,1.0,1.0,3.9178578853607178,0.0
patch.harvested.0_10.size,24,240,10.0,0.0,100.0,1.0,1.0,0.0,0.0
patch.harvested.0_10.size,25,250,10.0,0.0,100.0,1.0,1.0,4.256993293762207,0.0
patch.harvested.0_10.size,26,260,10.0,0.0,100.0,1.0,1.0,12.9865083694458,0.0
patch.harvested.0_10.size,27,270,10.0,0.0,100.0,1.0,1.0,0.0,0.0
patch.harvested.0_10.size,28,280,10.0,0.0,100.0,1.0,1.0,6.441463947296143,0.0
patch.harvested.0_10.size,29,290,10.0,0.0,100.0,1.0,1.0,7.3230509757995605,0.0
patch.harvested.0_10.size,30,300,10.0,0.0,100.0,1.0,1.0,4.273425579071045,0.0
