TARGET,PERIOD,YEAR,PERIODWIDTH,MINIMUM,MAXIMUM,MINWEIGHT,MAXWEIGHT,CURRENT,SUMMARY
patch.harvested.20_40.size,0,0,10.0,0.0,100.0,1.0,1.0,0.0,0.0
patch.harvested.20_40.size,1,10,10.0,0.0,100.0,1.0,1.0,70.79798889160156,0.0
patch.harvested.20_40.size,2,20,10.0,0.0,100.0,1.0,1.0,78.99984741210938,0.0
patch.harvested.20_40.size,3,30,10.0,0.0,100.0,1.0,1.0,81.95217895507812,0.0
patch.harvested.20_40.size,4,40,10.0,0.0,100.0,1.0,1.0,74.243408203125,0.0
patch.harvested.20_40.size,5,50,10.0,0.0,100.0,1.0,1.0,77.13074493408203,0.0
patch.harvested.20_40.size,6,60,10.0,0.0,100.0,1.0,1.0,41.33168029785156,0.0
patch.harvested.20_40.size,7,70,10.0,0.0,100.0,1.0,1.0,67.64678955078125,0.0
patch.harvested.20_40.size,8,80,10.0,0.0,100.0,1.0,1.0,93.37010192871094,0.0
patch.harvested.20_40.size,9,90,10.0,0.0,100.0,1.0,1.0,91.08389282226562,0.0
patch.harvested.20_40.size,10,100,10.0,0.0,100.0,1.0,1.0,98.10186767578125,0.0
patch.harvested.20_40.size,11,110,10.0,0.0,100.0,1.0,1.0,68.06673431396484,0.0
patch.harvested.20_40.size,12,120,10.0,0.0,100.0,1.0,1.0,72.64604187011719,0.0
patch.harvested.20_40.size,13,130,10.0,0.0,100.0,1.0,1.0,70.25581359863281,0.0
patch.harvested.20_40.size,14,140,10.0,0.0,100.0,1.0,1.0,81.8801040649414,0.0
patch.harvested.20_40.size,15,150,10.0,0.0,100.0,1.0,1.0,87.6395492553711,0.0
patch.harvested.20_40.size,16,160,10.0,0.0,100.0,1.0,1.0,66.63004302978516,0.0
patch.harvested.20_40.size,17,170,10.0,0.0,100.0,1.0,1.0,60.099365234375,0.0
patch.harvested.20_40.size,18,180,10.0,0.0,100.0,1.0,1.0,82.81704711914062,0.0
patch.harvested.20_40.size,19,190,10.0,0.0,100.0,1.0,1.0,87.21499633789062,0.0
patch.harvested.20_40.size,20,200,10.0,0.0,100.0,1.0,1.0,77.77787780761719,0.0
patch.harvested.20_40.size,21,210,10.0,0.0,100.0,1.0,1.0,72.68496704101562,0.0
patch.harvested.20_40.size,22,220,10.0,0.0,100.0,1.0,1.0,85.81979370117188,0.0
patch.harvested.20_40.size,23,230,10.0,0.0,100.0,1.0,1.0,83.71356201171875,0.0
patch.harvested.20_40.size,24,240,10.0,0.0,100.0,1.0,1.0,92.48899841308594,0.0
patch.harvested.20_40.size,25,250,10.0,0.0,100.0,1.0,1.0,87.59456634521484,0.0
patch.harvested.20_40.size,26,260,10.0,0.0,100.0,1.0,1.0,83.36125946044922,0.0
patch.harvested.20_40.size,27,270,10.0,0.0,100.0,1.0,1.0,94.5591812133789,0.0
patch.harvested.20_40.size,28,280,10.0,0.0,100.0,1.0,1.0,79.67333984375,0.0
patch.harvested.20_40.size,29,290,10.0,0.0,100.0,1.0,1.0,83.12931823730469,0.0
patch.harvested.20_40.size,30,300,10.0,0.0,100.0,1.0,1.0,96.59928131103516,0.0
