TARGET,PERIOD,YEAR,PERIODWIDTH,MINIMUM,MAXIMUM,MINWEIGHT,MAXWEIGHT,CURRENT,SUMMARY
patch.harvested.0_10.shape,0,0,10.0,0.0,100.0,1.0,1.0,0.0,100.0
patch.harvested.0_10.shape,1,10,10.0,0.0,100.0,1.0,1.0,0.0,100.0
patch.harvested.0_10.shape,2,20,10.0,0.0,100.0,1.0,1.0,0.0,100.0
patch.harvested.0_10.shape,3,30,10.0,0.0,100.0,1.0,1.0,1.8600000143051147,100.0
patch.harvested.0_10.shape,4,40,10.0,0.0,100.0,1.0,1.0,1.9045000076293945,100.0
patch.harvested.0_10.shape,5,50,10.0,0.0,100.0,1.0,1.0,3.0380001068115234,100.0
patch.harvested.0_10.shape,6,60,10.0,0.0,100.0,1.0,1.0,0.0,100.0
patch.harvested.0_10.shape,7,70,10.0,0.0,100.0,1.0,1.0,2.1029999256134033,100.0
patch.harvested.0_10.shape,8,80,10.0,0.0,100.0,1.0,1.0,1.6979999542236328,100.0
patch.harvested.0_10.shape,9,90,10.0,0.0,100.0,1.0,1.0,1.4774999618530273,100.0
patch.harvested.0_10.shape,10,100,10.0,0.0,100.0,1.0,1.0,1.1970000267028809,100.0
patch.harvested.0_10.shape,11,110,10.0,0.0,100.0,1.0,1.0,1.2000000476837158,100.0
patch.harvested.0_10.shape,12,120,10.0,0.0,100.0,1.0,1.0,0.0,100.0
patch.harvested.0_10.shape,13,130,10.0,0.0,100.0,1.0,1.0,1.6080000400543213,100.0
patch.harvested.0_10.shape,14,140,10.0,0.0,100.0,1.0,1.0,1.409999966621399,100.0
patch.harvested.0_10.shape,15,150,10.0,0.0,100.0,1.0,1.0,0.0,100.0
patch.harvested.0_10.shape,16,160,10.0,0.0,100.0,1.0,1.0,1.8600000143051147,100.0
patch.harvested.0_10.shape,17,170,10.0,0.0,100.0,1.0,1.0,1.2669999599456787,100.0
patch.harvested.0_10.shape,18,180,10.0,0.0,100.0,1.0,1.0,1.5440000295639038,100.0
patch.harvested.0_10.shape,19,190,10.0,0.0,100.0,1.0,1.0,2.1029999256134033,100.0
patch.harvested.0_10.shape,20,200,10.0,0.0,100.0,1.0,1.0,2.127000093460083,100.0
patch.harvested.0_10.shape,21,210,10.0,0.0,100.0,1.0,1.0,0.0,100.0
patch.harvested.0_10.shape,22,220,10.0,0.0,100.0,1.0,1.0,1.559000015258789,100.0
patch.harvested.0_10.shape,23,230,10.0,0.0,100.0,1.0,1.0,1.2610000371932983,100.0
patch.harvested.0_10.shape,24,240,10.0,0.0,100.0,1.0,1.0,1.4299999475479126,100.0
patch.harvested.0_10.shape,25,250,10.0,0.0,100.0,1.0,1.0,0.0,100.0
patch.harvested.0_10.shape,26,260,10.0,0.0,100.0,1.0,1.0,1.562000036239624,100.0
patch.harvested.0_10.shape,27,270,10.0,0.0,100.0,1.0,1.0,1.6985000371932983,100.0
patch.harvested.0_10.shape,28,280,10.0,0.0,100.0,1.0,1.0,2.127000093460083,100.0
patch.harvested.0_10.shape,29,290,10.0,0.0,100.0,1.0,1.0,1.409999966621399,100.0
patch.harvested.0_10.shape,30,300,10.0,0.0,100.0,1.0,1.0,1.1710000038146973,100.0
