TARGET,PERIOD,YEAR,PERIODWIDTH,MINIMUM,MAXIMUM,MINWEIGHT,MAXWEIGHT,CURRENT,SUMMARY
patch.harvested.10_20.size,0,0,10.0,0.0,100.0,1.0,1.0,0.0,0.0
patch.harvested.10_20.size,1,10,10.0,0.0,100.0,1.0,1.0,0.0,0.0
patch.harvested.10_20.size,2,20,10.0,0.0,100.0,1.0,1.0,0.0,0.0
patch.harvested.10_20.size,3,30,10.0,0.0,100.0,1.0,1.0,0.0,0.0
patch.harvested.10_20.size,4,40,10.0,0.0,100.0,1.0,1.0,54.365257263183594,0.0
patch.harvested.10_20.size,5,50,10.0,0.0,100.0,1.0,1.0,0.0,0.0
patch.harvested.10_20.size,6,60,10.0,0.0,100.0,1.0,1.0,51.48356628417969,0.0
patch.harvested.10_20.size,7,70,10.0,0.0,100.0,1.0,1.0,16.973257064819336,0.0
patch.harvested.10_20.size,8,80,10.0,0.0,100.0,1.0,1.0,15.999637603759766,0.0
patch.harvested.10_20.size,9,90,10.0,0.0,100.0,1.0,1.0,17.947921752929688,0.0
patch.harvested.10_20.size,10,100,10.0,0.0,100.0,1.0,1.0,11.635299682617188,0.0
patch.harvested.10_20.size,11,110,10.0,0.0,100.0,1.0,1.0,0.0,0.0
patch.harvested.10_20.size,12,120,10.0,0.0,100.0,1.0,1.0,0.0,0.0
patch.harvested.10_20.size,13,130,10.0,0.0,100.0,1.0,1.0,19.49188804626465,0.0
patch.harvested.10_20.size,14,140,10.0,0.0,100.0,1.0,1.0,0.0,0.0
patch.harvested.10_20.size,15,150,10.0,0.0,100.0,1.0,1.0,31.35934066772461,0.0
patch.harvested.10_20.size,16,160,10.0,0.0,100.0,1.0,1.0,0.0,0.0
patch.harvested.10_20.size,17,170,10.0,0.0,100.0,1.0,1.0,10.100113868713379,0.0
patch.harvested.10_20.size,18,180,10.0,0.0,100.0,1.0,1.0,0.0,0.0
patch.harvested.10_20.size,19,190,10.0,0.0,100.0,1.0,1.0,0.0,0.0
patch.harvested.10_20.size,20,200,10.0,0.0,100.0,1.0,1.0,18.02556037902832,0.0
patch.harvested.10_20.size,21,210,10.0,0.0,100.0,1.0,1.0,13.192830085754395,0.0
patch.harvested.10_20.size,22,220,10.0,0.0,100.0,1.0,1.0,0.0,0.0
patch.harvested.10_20.size,23,230,10.0,0.0,100.0,1.0,1.0,26.16192054748535,0.0
patch.harvested.10_20.size,24,240,10.0,0.0,100.0,1.0,1.0,42.0658073425293,0.0
patch.harvested.10_20.size,25,250,10.0,0.0,100.0,1.0,1.0,19.463159561157227,0.0
patch.harvested.10_20.size,26,260,10.0,0.0,100.0,1.0,1.0,0.0,0.0
patch.harvested.10_20.size,27,270,10.0,0.0,100.0,1.0,1.0,0.0,0.0
patch.harvested.10_20.size,28,280,10.0,0.0,100.0,1.0,1.0,0.0,0.0
patch.harvested.10_20.size,29,290,10.0,0.0,100.0,1.0,1.0,20.147510528564453,0.0
patch.harvested.10_20.size,30,300,10.0,0.0,100.0,1.0,1.0,15.20248794555664,0.0
