TARGET,PERIOD,YEAR,PERIODWIDTH,MINIMUM,MAXIMUM,MINWEIGHT,MAXWEIGHT,CURRENT,SUMMARY
product.Yield.managed.HW,0,0,10.0,0.0,10000.0,1.0,1.0,0.0,0.0
product.Yield.managed.HW,1,10,10.0,0.0,10000.0,1.0,1.0,65973.5546875,0.0
product.Yield.managed.HW,2,20,10.0,0.0,10000.0,1.0,1.0,53010.5390625,0.0
product.Yield.managed.HW,3,30,10.0,0.0,10000.0,1.0,1.0,54686.609375,0.0
product.Yield.managed.HW,4,40,10.0,0.0,10000.0,1.0,1.0,58742.05859375,0.0
product.Yield.managed.HW,5,50,10.0,0.0,10000.0,1.0,1.0,60708.26171875,0.0
product.Yield.managed.HW,6,60,10.0,0.0,10000.0,1.0,1.0,48767.88671875,0.0
product.Yield.managed.HW,7,70,10.0,0.0,10000.0,1.0,1.0,41704.8984375,0.0
product.Yield.managed.HW,8,80,10.0,0.0,10000.0,1.0,1.0,64858.34375,0.0
product.Yield.managed.HW,9,90,10.0,0.0,10000.0,1.0,1.0,68995.328125,0.0
product.Yield.managed.HW,10,100,10.0,0.0,10000.0,1.0,1.0,44839.87109375,0.0
product.Yield.managed.HW,11,110,10.0,0.0,10000.0,1.0,1.0,56285.578125,0.0
product.Yield.managed.HW,12,120,10.0,0.0,10000.0,1.0,1.0,58368.328125,0.0
product.Yield.managed.HW,13,130,10.0,0.0,10000.0,1.0,1.0,62534.63671875,0.0
product.Yield.managed.HW,14,140,10.0,0.0,10000.0,1.0,1.0,56991.23828125,0.0
product.Yield.managed.HW,15,150,10.0,0.0,10000.0,1.0,1.0,51859.57421875,0.0
product.Yield.managed.HW,16,160,10.0,0.0,10000.0,1.0,1.0,41783.67578125,0.0
product.Yield.managed.HW,17,170,10.0,0.0,10000.0,1.0,1.0,50223.5078125,0.0
product.Yield.managed.HW,18,180,10.0,0.0,10000.0,1.0,1.0,47641.7421875,0.0
product.Yield.managed.HW,19,190,10.0,0.0,10000.0,1.0,1.0,46837.765625,0.0
product.Yield.managed.HW,20,200,10.0,0.0,10000.0,1.0,1.0,32213.564453125,0.0
product.Yield.managed.HW,21,210,10.0,0.0,10000.0,1.0,1.0,57023.62109375,0.0
product.Yield.managed.HW,22,220,10.0,0.0,10000.0,1.0,1.0,60009.3984375,0.0
product.Yield.managed.HW,23,230,10.0,0.0,10000.0,1.0,1.0,63954.19921875,0.0
product.Yield.managed.HW,24,240,10.0,0.0,10000.0,1.0,1.0,54375.703125,0.0
product.Yield.managed.HW,25,250,10.0,0.0,10000.0,1.0,1.0,57317.76953125,0.0
product.Yield.managed.HW,26,260,10.0,0.0,10000.0,1.0,1.0,49246.6640625,0.0
product.Yield.managed.HW,27,270,10.0,0.0,10000.0,1.0,1.0,54226.16015625,0.0
product.Yield.managed.HW,28,280,10.0,0.0,10000.0,1.0,1.0,52711.19921875,0.0
product.Yield.managed.HW,29,290,10.0,0.0,10000.0,1.0,1.0,36335.68359375,0.0
product.Yield.managed.HW,30,300,10.0,0.0,10000.0,1.0,1.0,47477.3046875,0.0
