TARGET,PERIOD,YEAR,PERIODWIDTH,MINIMUM,MAXIMUM,MINWEIGHT,MAXWEIGHT,CURRENT,SUMMARY
product.Yield.managed.FDC,0,0,10.0,0.0,10000.0,1.0,1.0,0.0,0.0
product.Yield.managed.FDC,1,10,10.0,0.0,10000.0,1.0,1.0,17170.654296875,0.0
product.Yield.managed.FDC,2,20,10.0,0.0,10000.0,1.0,1.0,15775.826171875,0.0
product.Yield.managed.FDC,3,30,10.0,0.0,10000.0,1.0,1.0,4727.080078125,0.0
product.Yield.managed.FDC,4,40,10.0,0.0,10000.0,1.0,1.0,19137.306640625,0.0
product.Yield.managed.FDC,5,50,10.0,0.0,10000.0,1.0,1.0,26995.220703125,0.0
product.Yield.managed.FDC,6,60,10.0,0.0,10000.0,1.0,1.0,30219.51953125,0.0
product.Yield.managed.FDC,7,70,10.0,0.0,10000.0,1.0,1.0,23299.875,0.0
product.Yield.managed.FDC,8,80,10.0,0.0,10000.0,1.0,1.0,18638.140625,0.0
product.Yield.managed.FDC,9,90,10.0,0.0,10000.0,1.0,1.0,23714.953125,0.0
product.Yield.managed.FDC,10,100,10.0,0.0,10000.0,1.0,1.0,27801.353515625,0.0
product.Yield.managed.FDC,11,110,10.0,0.0,10000.0,1.0,1.0,32892.96484375,0.0
product.Yield.managed.FDC,12,120,10.0,0.0,10000.0,1.0,1.0,22876.99609375,0.0
product.Yield.managed.FDC,13,130,10.0,0.0,10000.0,1.0,1.0,18680.8984375,0.0
product.Yield.managed.FDC,14,140,10.0,0.0,10000.0,1.0,1.0,25023.384765625,0.0
product.Yield.managed.FDC,15,150,10.0,0.0,10000.0,1.0,1.0,9500.353515625,0.0
product.Yield.managed.FDC,16,160,10.0,0.0,10000.0,1.0,1.0,41356.93359375,0.0
product.Yield.managed.FDC,17,170,10.0,0.0,10000.0,1.0,1.0,15535.8388671875,0.0
product.Yield.managed.FDC,18,180,10.0,0.0,10000.0,1.0,1.0,35268.16796875,0.0
product.Yield.managed.FDC,19,190,10.0,0.0,10000.0,1.0,1.0,17967.41796875,0.0
product.Yield.managed.FDC,20,200,10.0,0.0,10000.0,1.0,1.0,27693.533203125,0.0
product.Yield.managed.FDC,21,210,10.0,0.0,10000.0,1.0,1.0,10425.30859375,0.0
product.Yield.managed.FDC,22,220,10.0,0.0,10000.0,1.0,1.0,12562.1103515625,0.0
product.Yield.managed.FDC,23,230,10.0,0.0,10000.0,1.0,1.0,27726.376953125,0.0
product.Yield.managed.FDC,24,240,10.0,0.0,10000.0,1.0,1.0,13903.1298828125,0.0
product.Yield.managed.FDC,25,250,10.0,0.0,10000.0,1.0,1.0,29269.798828125,0.0
product.Yield.managed.FDC,26,260,10.0,0.0,10000.0,1.0,1.0,45004.22265625,0.0
product.Yield.managed.FDC,27,270,10.0,0.0,10000.0,1.0,1.0,29443.0859375,0.0
product.Yield.managed.FDC,28,280,10.0,0.0,10000.0,1.0,1.0,25945.5859375,0.0
product.Yield.managed.FDC,29,290,10.0,0.0,10000.0,1.0,1.0,19742.28515625,0.0
product.Yield.managed.FDC,30,300,10.0,0.0,10000.0,1.0,1.0,21575.861328125,0.0
