TARGET,PERIOD,YEAR,PERIODWIDTH,MINIMUM,MAXIMUM,MINWEIGHT,MAXWEIGHT,CURRENT,SUMMARY
value.stumpage.FDC,0,0,10.0,0.0,10000.0,1.0,1.0,0.0,0.0
value.stumpage.FDC,1,10,10.0,0.0,10000.0,1.0,1.0,2044.008056640625,0.0
value.stumpage.FDC,2,20,10.0,0.0,10000.0,1.0,1.0,1956.1199951171875,0.0
value.stumpage.FDC,3,30,10.0,0.0,10000.0,1.0,1.0,4443.126953125,0.0
value.stumpage.FDC,4,40,10.0,0.0,10000.0,1.0,1.0,11414.4306640625,0.0
value.stumpage.FDC,5,50,10.0,0.0,10000.0,1.0,1.0,4350.6337890625,0.0
value.stumpage.FDC,6,60,10.0,0.0,10000.0,1.0,1.0,7863.06298828125,0.0
value.stumpage.FDC,7,70,10.0,0.0,10000.0,1.0,1.0,5234.76220703125,0.0
value.stumpage.FDC,8,80,10.0,0.0,10000.0,1.0,1.0,7947.85693359375,0.0
value.stumpage.FDC,9,90,10.0,0.0,10000.0,1.0,1.0,9984.916015625,0.0
value.stumpage.FDC,10,100,10.0,0.0,10000.0,1.0,1.0,4050.9580078125,0.0
value.stumpage.FDC,11,110,10.0,0.0,10000.0,1.0,1.0,5483.60986328125,0.0
value.stumpage.FDC,12,120,10.0,0.0,10000.0,1.0,1.0,6707.28076171875,0.0
value.stumpage.FDC,13,130,10.0,0.0,10000.0,1.0,1.0,7946.31787109375,0.0
value.stumpage.FDC,14,140,10.0,0.0,10000.0,1.0,1.0,10493.3330078125,0.0
value.stumpage.FDC,15,150,10.0,0.0,10000.0,1.0,1.0,3127.89111328125,0.0
value.stumpage.FDC,16,160,10.0,0.0,10000.0,1.0,1.0,12142.96484375,0.0
value.stumpage.FDC,17,170,10.0,0.0,10000.0,1.0,1.0,4261.13916015625,0.0
value.stumpage.FDC,18,180,10.0,0.0,10000.0,1.0,1.0,7154.0322265625,0.0
value.stumpage.FDC,19,190,10.0,0.0,10000.0,1.0,1.0,7046.31494140625,0.0
value.stumpage.FDC,20,200,10.0,0.0,10000.0,1.0,1.0,3724.449951171875,0.0
value.stumpage.FDC,21,210,10.0,0.0,10000.0,1.0,1.0,9536.3857421875,0.0
value.stumpage.FDC,22,220,10.0,0.0,10000.0,1.0,1.0,11943.1376953125,0.0
value.stumpage.FDC,23,230,10.0,0.0,10000.0,1.0,1.0,9118.005859375,0.0
value.stumpage.FDC,24,240,10.0,0.0,10000.0,1.0,1.0,2732.02294921875,0.0
value.stumpage.FDC,25,250,10.0,0.0,10000.0,1.0,1.0,10904.376953125,0.0
value.stumpage.FDC,26,260,10.0,0.0,10000.0,1.0,1.0,5763.0791015625,0.0
value.stumpage.FDC,27,270,10.0,0.0,10000.0,1.0,1.0,8252.060546875,0.0
value.stumpage.FDC,28,280,10.0,0.0,10000.0,1.0,1.0,8459.1640625,0.0
value.stumpage.FDC,29,290,10.0,0.0,10000.0,1.0,1.0,7180.45703125,0.0
value.stumpage.FDC,30,300,10.0,0.0,10000.0,1.0,1.0,7815.337890625,0.0
