TARGET,PERIOD,YEAR,PERIODWIDTH,MINIMUM,MAXIMUM,MINWEIGHT,MAXWEIGHT,CURRENT,SUMMARY
value.stumpage.CW,0,0,10.0,0.0,10000.0,1.0,1.0,0.0,0.0
value.stumpage.CW,1,10,10.0,0.0,10000.0,1.0,1.0,6493.0,0.0
value.stumpage.CW,2,20,10.0,0.0,10000.0,1.0,1.0,4410.76123046875,0.0
value.stumpage.CW,3,30,10.0,0.0,10000.0,1.0,1.0,6315.43896484375,0.0
value.stumpage.CW,4,40,10.0,0.0,10000.0,1.0,1.0,6723.759765625,0.0
value.stumpage.CW,5,50,10.0,0.0,10000.0,1.0,1.0,8424.755859375,0.0
value.stumpage.CW,6,60,10.0,0.0,10000.0,1.0,1.0,7050.8291015625,0.0
value.stumpage.CW,7,70,10.0,0.0,10000.0,1.0,1.0,8159.6181640625,0.0
value.stumpage.CW,8,80,10.0,0.0,10000.0,1.0,1.0,6979.037109375,0.0
value.stumpage.CW,9,90,10.0,0.0,10000.0,1.0,1.0,7507.33984375,0.0
value.stumpage.CW,10,100,10.0,0.0,10000.0,1.0,1.0,8694.50390625,0.0
value.stumpage.CW,11,110,10.0,0.0,10000.0,1.0,1.0,3916.02392578125,0.0
value.stumpage.CW,12,120,10.0,0.0,10000.0,1.0,1.0,8126.14501953125,0.0
value.stumpage.CW,13,130,10.0,0.0,10000.0,1.0,1.0,7987.39599609375,0.0
value.stumpage.CW,14,140,10.0,0.0,10000.0,1.0,1.0,7685.55615234375,0.0
value.stumpage.CW,15,150,10.0,0.0,10000.0,1.0,1.0,8828.4453125,0.0
value.stumpage.CW,16,160,10.0,0.0,10000.0,1.0,1.0,6598.43310546875,0.0
value.stumpage.CW,17,170,10.0,0.0,10000.0,1.0,1.0,8640.060546875,0.0
value.stumpage.CW,18,180,10.0,0.0,10000.0,1.0,1.0,7664.40185546875,0.0
value.stumpage.CW,19,190,10.0,0.0,10000.0,1.0,1.0,8064.09521484375,0.0
value.stumpage.CW,20,200,10.0,0.0,10000.0,1.0,1.0,8533.7353515625,0.0
value.stumpage.CW,21,210,10.0,0.0,10000.0,1.0,1.0,7469.37109375,0.0
value.stumpage.CW,22,220,10.0,0.0,10000.0,1.0,1.0,7503.06201171875,0.0
value.stumpage.CW,23,230,10.0,0.0,10000.0,1.0,1.0,7703.7470703125,0.0
value.stumpage.CW,24,240,10.0,0.0,10000.0,1.0,1.0,8855.28125,0.0
value.stumpage.CW,25,250,10.0,0.0,10000.0,1.0,1.0,7794.64794921875,0.0
value.stumpage.CW,26,260,10.0,0.0,10000.0,1.0,1.0,8296.1162109375,0.0
value.stumpage.CW,27,270,10.0,0.0,10000.0,1.0,1.0,7979.31689453125,0.0
value.stumpage.CW,28,280,10.0,0.0,10000.0,1.0,1.0,8074.748046875,0.0
value.stumpage.CW,29,290,10.0,0.0,10000.0,1.0,1.0,8349.0615234375,0.0
value.stumpage.CW,30,300,10.0,0.0,10000.0,1.0,1.0,8384.130859375,0.0
